id,original_title,original_language,genre,budget,revenue,popularity,release_date,runtime,vote_average,vote_count,title
26371,Maurice,en,Drama,0,0,11.552247,1987-09-18,134,7.1,61,Maurice
14137,Beer League,en,Comedy,0,0,1.73892,2006-09-15,86,5.3,22,Beer League
291,Riding Giants,en,Documentary,2600000,3166000,0.895946,2004-07-09,105,7.6,23,Riding Giants
14139,Los cronocrímenes,es,Science Fiction,2600000,553198,19.02965,2007-09-20,92,7,308,Timecrimes
33106,疯狂的赛车,zh,Action,0,0,0.406645,2009-01-20,99,7.4,13,Silver Medalist
8875,Timber Falls,en,Horror,2600000,0,3.687574,2007-12-07,97,5.2,38,Timber Falls
872,Singin' in the Rain,en,Comedy,2540800,7200000,36.556954,1952-04-10,103,7.8,727,Singin' in the Rain
72914,"Fat, Sick & Nearly Dead",en,Documentary,0,0,0.545825,2010-04-16,97,7.1,47,"Fat, Sick & Nearly Dead"
139038,A Haunted House,en,Comedy,2500000,60141683,18.661541,2013-01-11,86,5.4,516,A Haunted House
126509,2016: Obama's America,en,Documentary,2500000,33400000,0.973582,2012-07-13,87,4.6,19,2016: Obama's America
9591,That Thing You Do!,en,Comedy,0,34585416,14.885388,1996-10-04,108,6.8,225,That Thing You Do!
10676,Halloween III: Season of the Witch,en,Horror,2500000,14400000,12.030456,1982-10-22,98,5,229,Halloween III: Season of the Witch
1687,Escape from the Planet of the Apes,en,Action,2500000,12348905,18.30961,1971-05-20,98,6.3,264,Escape from the Planet of the Apes
24748,Hud,en,Action,2500000,10000000,6.82919,1963-05-29,112,7.5,66,Hud
181330,Kevin Hart: Let Me Explain,en,Comedy,0,32230907,9.799357,2013-07-03,74,7.1,95,Kevin Hart: Let Me Explain
468,My Own Private Idaho,en,Drama,2500000,0,10.363642,1991-10-17,104,7.1,212,My Own Private Idaho
401,Garden State,en,Comedy,2500000,26781723,30.583959,2004-07-28,102,7.1,618,Garden State
76,Before Sunrise,en,Drama,2500000,5535405,23.672571,1995-01-27,105,7.7,959,Before Sunrise
50538,Sur le seuil,fr,Horror,0,0,0.205034,2003-10-03,100,6.9,8,Evil Words
25636,Jesus' Son,en,Comedy,0,0,5.581743,1999-09-05,107,6.7,22,Jesus' Son
19316,Saving Face,en,Comedy,0,0,2.487255,2004-09-12,91,6.8,32,Saving Face
21074,Brick Lane,en,Drama,0,0,0.262135,2007-11-16,102,5.2,15,Brick Lane
84329,Robot & Frank,en,Science Fiction,2500000,3325038,23.419061,2012-08-16,85,6.8,450,Robot & Frank
20,My Life Without Me,en,Drama,0,9726954,7.958831,2003-03-07,106,7.2,77,My Life Without Me
157386,The Spectacular Now,en,Comedy,2500000,6854611,25.722747,2013-08-02,95,6.8,1048,The Spectacular Now
13007,Religulous,en,Comedy,0,0,9.774126,2008-10-01,101,7.2,197,Religulous
13518,Fuel,en,Documentary,0,0,0.197469,2008-11-14,90,7,3,Fuel
116584,Valley of the Heart's Delight,en,Drama,0,0,0.142255,2006-04-24,100,7,1,Valley of the Heart's Delight
46849,Eye of the Dolphin,en,Drama,2500000,71904,0.301884,2007-08-24,100,7.1,7,Eye of the Dolphin
40428,8: The Mormon Proposition,en,Documentary,0,0,0.424957,2010-01-01,80,5.5,6,8: The Mormon Proposition
17334,The Other End of the Line,en,Comedy,14000000,0,3.393648,2008-10-29,106,6.1,50,The Other End of the Line
1698,Anatomie,de,Horror,0,0,5.025938,2000-02-03,103,6.1,61,Anatomy
20764,Sleep Dealer,en,Drama,2500000,107559,4.624691,2008-12-10,90,6,40,Sleep Dealer
45132,Super,en,Comedy,2500000,324138,12.204569,2010-09-09,96,6.6,441,Super
76706,Christmas Mail,en,Comedy,0,0,0.630226,2010-12-01,89,5,15,Christmas Mail
254472,Stung,de,Comedy,2500000,0,4.270489,2015-07-03,87,4.9,63,Stung
332285,Antibirth,en,Horror,35000000,0,3.674294,2016-09-02,94,4.8,40,Antibirth
49471,Get on the Bus,en,Drama,2400000,5731103,4.623059,1996-10-16,120,7,11,Get on the Bus
13569,Thr3e,en,Drama,0,0,1.946715,2006-12-01,101,4.8,21,Thr3e
7512,Idiocracy,en,Adventure,30000000,495303,27.940093,2006-09-01,84,6.3,664,Idiocracy
356216,The Rise of the Krays,en,Crime,2500000,0,1.759506,2015-08-29,110,4.5,19,The Rise of the Krays
11798,This Is England,en,Drama,2380000,8176544,8.395624,2006-09-12,101,7.4,363,This Is England
146631,U.F.O.,en,Action,2500000,0,8.248149,2012-12-14,101,3.1,47,U.F.O.
43546,Bathing Beauty,en,Comedy,2361000,6892000,0.628051,1944-07-01,101,7,4,Bathing Beauty
61038,Go for It!,en,Drama,2450000,0,0.500753,2011-05-13,105,4.6,5,Go for It!
78373,"Dancer, Texas Pop. 81",en,Comedy,0,565592,0.376662,1998-05-01,97,10,1,"Dancer, Texas Pop. 81"
17820,Show Boat,en,Music,2300000,11000000,1.606314,1951-07-13,107,6.9,18,Show Boat
74457,Redemption Road,en,Drama,0,0,0.197264,2011-08-26,91,4.7,6,Redemption Road
283384,The Calling,en,Thriller,0,0,5.759493,2014-08-05,108,5.6,88,The Calling
19933,The Brave Little Toaster,en,Fantasy,2000000,0,6.86302,1987-07-09,90,6.7,93,The Brave Little Toaster
756,Fantasia,en,Animation,2280000,83320000,32.875469,1940-11-13,124,7.2,808,Fantasia
433715,8 Days,en,Thriller,0,0,0.015295,2014-06-15,90,0,0,8 Days
9728,Friday the 13th Part III,en,Horror,4000000,36690067,14.206525,1982-08-13,95,5.7,254,Friday the 13th Part III
9731,Friday the 13th: A New Beginning,en,Horror,2200000,21930418,12.639469,1985-03-22,92,5.1,196,Friday the 13th: A New Beginning
9916,The Last Sin Eater,en,Drama,0,0,2.371477,2007-02-09,117,6.2,11,The Last Sin Eater
309425,Do You Believe?,en,Fantasy,0,0,2.470443,2015-03-20,115,6.6,48,Do You Believe?
14156,Impact Point,en,Thriller,0,0,1.532518,2008-06-13,90,5.7,5,Impact Point
43610,The Valley of Decision,en,Drama,2160000,9132000,0.1813,1945-06-01,119,5.8,4,The Valley of Decision
360339,Eden,en,Thriller,2300000,0,2.713171,2015-10-22,97,5.6,19,Eden
31163,Chicken Tikka Masala,en,Comedy,0,0,0.258413,2005-04-22,90,3.5,5,Chicken Tikka Masala
297621,There's Always Woodstock,en,Romance,0,0,2.025701,2014-11-14,90,5.4,12,There's Always Woodstock
16205,Jack Brooks: Monster Slayer,en,Action,0,0,2.659804,2007-10-09,85,5.7,59,Jack Brooks: Monster Slayer
887,The Best Years of Our Lives,en,Drama,2100000,23650000,8.38717,1946-12-25,172,7.6,143,The Best Years of Our Lives
9517,Bully,en,Crime,0,480811,6.677093,2001-06-15,113,6.7,125,Bully
6007,Elling,en,Comedy,0,0,2.526356,2001-03-16,89,7,51,Elling
364083,Mi America,en,Drama,2100000,3330,0.039007,2015-10-16,126,0,0,Mi America
8329,[REC],es,Horror,1500000,30448000,31.691617,2007-04-10,78,7.1,934,[REC]
69640,Lies in Plain Sight,en,Drama,0,0,0.47909,2010-10-03,88,4.5,4,Lies in Plain Sight
371085,Sharkskin,en,NA,0,0,0.027801,2015-01-01,0,0,0,Sharkskin
347548,Containment,en,Thriller,0,0,2.122451,2015-07-09,77,5.1,36,Containment
322443,The Timber,de,Adventure,0,0,0.803761,2015-02-27,81,4.1,15,The Timber
657,From Russia with Love,en,Action,2000000,78898765,41.298723,1963-10-11,115,6.9,760,From Russia with Love
28165,The Toxic Avenger Part II,en,Comedy,0,0,1.791331,1989-02-24,96,5.3,39,The Toxic Avenger Part II
11561,Sleeper,en,Comedy,2000000,18344729,10.664202,1973-12-17,89,7,200,Sleeper
270303,It Follows,en,Horror,2000000,14674076,100.876794,2015-02-04,100,6.6,1832,It Follows
11624,Everything You Always Wanted to Know About Sex *But Were Afraid to Ask,en,Comedy,2000000,18016290,13.223111,1972-08-06,88,6.6,215,Everything You Always Wanted to Know About Sex *But Were Afraid to Ask
595,To Kill a Mockingbird,en,Crime,2000000,13129846,22.139842,1962-12-25,129,8,657,To Kill a Mockingbird
8810,Mad Max 2,en,Adventure,2000000,24600832,37.117362,1981-12-24,95,7.3,957,Mad Max 2: The Road Warrior
12207,醉拳二,cn,Action,0,0,15.046612,1994-02-03,102,7.2,242,The Legend of Drunken Master
226,Boys Don't Cry,en,Crime,2000000,11540607,15.557144,1999-09-02,118,7.2,353,Boys Don't Cry
92182,Silent House,en,Horror,2000000,13101672,11.66632,2011-01-21,85,5.2,125,Silent House
582,Das Leben der Anderen,de,Drama,2000000,70000000,34.938177,2006-03-15,137,7.9,958,The Lives of Others
72213,Courageous,en,Drama,1000000,34522221,5.961119,2011-09-30,129,6.8,77,Courageous
990,The Hustler,en,Drama,2000000,7600000,17.639478,1961-09-25,134,7.6,240,The Hustler
55604,Boom Town,en,Adventure,2000000,9172000,1.867004,1940-08-30,119,6.5,8,Boom Town
9662,Les triplettes de Belleville,fr,Adventure,8000000,1477676,13.944645,2003-06-11,80,7.3,231,The Triplets of Belleville
20862,Smoke Signals,en,Drama,0,0,2.304552,1998-01-16,89,6.6,24,Smoke Signals
2771,American Splendor,en,Comedy,0,6003587,7.792851,2003-08-15,101,7.1,120,American Splendor
80,Before Sunset,en,Drama,2700000,15992615,14.799323,2004-02-10,80,7.6,718,Before Sunset
55,Amores perros,es,Drama,2000000,20908467,23.281616,2000-06-16,154,7.6,521,Amores perros
11023,Thirteen,en,Crime,2000000,4601043,20.331593,2003-08-20,100,6.7,339,Thirteen
33667,Gentleman's Agreement,en,Drama,2000000,7800000,5.381536,1947-11-11,118,6.8,47,Gentleman's Agreement
39013,Winter's Bone,en,Drama,2000000,13831503,20.834883,2010-06-11,100,6.8,565,Winter's Bone
11194,Touching the Void,en,Documentary,0,13885802,14.045887,2003-09-05,106,7.6,138,Touching the Void
43839,Alexander's Ragtime Band,en,Drama,2000000,4000000,0.483974,1938-05-24,106,4.8,6,Alexander's Ragtime Band
1382,Me and You and Everyone We Know,en,Comedy,0,0,9.719094,2005-06-17,90,7,107,Me and You and Everyone We Know
44639,Inside Job,en,Documentary,2000000,7871522,16.930914,2010-10-08,109,7.7,286,Inside Job
301351,We Are Your Friends,en,Drama,6000000,11122090,28.819424,2015-08-26,96,6.3,658,We Are Your Friends
4816,Ghost Dog: The Way of the Samurai,en,Crime,0,0,18.223139,1999-09-13,116,7.2,298,Ghost Dog: The Way of the Samurai
7873,Harsh Times,en,Crime,2000000,5967038,12.999023,2005-09-11,120,6.3,197,Harsh Times
331190,Captive,en,Crime,2000000,2801508,6.728882,2015-09-17,97,5.6,92,Captive
15186,Full Frontal,en,Comedy,2000000,2506446,1.95686,2002-08-02,96,4.8,26,Full Frontal
17994,Witchboard,en,Horror,0,0,7.151154,1986-12-31,98,5.9,58,Witchboard
1378,Shortbus,en,Romance,2000000,5179037,14.846001,2006-05-20,101,6.3,140,Shortbus
8885,Vals Im Bashir,he,Drama,2000000,11125849,14.08251,2008-06-25,90,7.8,291,Waltz with Bashir
48382,"The Book of Mormon Movie, Volume 1: The Journey",en,NA,2000000,1672730,0.031947,2003-09-12,120,5,2,"The Book of Mormon Movie, Volume 1: The Journey"
12901,No End in Sight,en,Documentary,2000000,1431623,2.283796,2007-07-27,102,7.2,23,No End in Sight
250124,The Diary of a Teenage Girl,en,Drama,2000000,1477002,18.224326,2015-08-07,98,6.8,279,The Diary of a Teenage Girl
14284,In the Shadow of the Moon,en,Documentary,2000000,0,3.43159,2007-01-19,109,7.6,31,In the Shadow of the Moon
57120,Meek's Cutoff,en,Drama,0,876302,4.749885,2010-09-05,104,6.5,77,Meek's Cutoff
12228,Inside Deep Throat,en,History,2000000,653621,3.980072,2005-02-11,92,6.8,31,Inside Deep Throat
22617,Dinner Rush,en,Drama,0,0,1.096355,2000-09-01,99,7.1,19,Dinner Rush
55561,Clockwatchers,en,Comedy,0,0,1.196943,1997-01-01,96,5.6,13,Clockwatchers
42889,The Virginity Hit,en,Comedy,2000000,563706,3.125382,2010-09-10,120,4.6,19,The Virginity Hit
10656,Subway,fr,Action,2000000,390659,5.261065,1985-04-10,104,6.3,86,Subway
24363,House of D,en,Comedy,0,0,6.337735,2005-04-15,97,6.1,23,House of D
13121,Teeth,en,Comedy,0,0,7.359286,2007-01-19,94,5.2,210,Teeth
24746,Six-String Samurai,en,Action,2000000,124494,1.892183,1998-09-18,91,5.8,36,Six-String Samurai
325140,Hum To Mohabbat Karega,en,NA,0,0,0.001186,2000-05-26,0,0,0,Hum To Mohabbat Karega
12109,It's All Gone Pete Tong,en,Drama,2000000,120620,3.911445,2004-09-12,90,7.1,52,It's All Gone Pete Tong
27023,Saint John of Las Vegas,en,Comedy,3800000,111731,2.559806,2009-06-10,84,5.9,18,Saint John of Las Vegas
22913,24 7: Twenty Four Seven,en,Comedy,0,0,0.744406,1997-08-31,96,6.3,10,24 7: Twenty Four Seven
273899,Stonewall,en,Drama,13500000,187674,5.16023,2015-09-18,129,5.2,32,Stonewall
20653,Roadside Romeo,en,Animation,7000000,1100000,0.253595,2008-10-24,93,6.7,3,Roadside Romeo
67373,This Thing of Ours,en,Drama,0,0,0.046868,2005-01-01,100,5,1,This Thing of Ours
171759,The Lost Medallion: The Adventures of Billy Stone,en,Adventure,0,0,2.952932,2013-03-01,97,5.6,13,The Lost Medallion: The Adventures of Billy Stone
206296,The Last Five Years,en,Comedy,0,0,5.563068,2014-11-03,94,5.5,143,The Last Five Years
35219,The Missing Person,en,Comedy,0,0,1.161034,2009-01-16,95,6.4,9,The Missing Person
28260,Return of the Living Dead 3,en,Comedy,2000000,54207,7.502934,1993-10-01,97,5.9,88,Return of the Living Dead 3
7515,London,en,Drama,0,0,5.350423,2005-02-10,92,6.1,96,London
13075,Sherrybaby,en,Drama,2000000,622806,4.261509,2006-09-08,96,6.3,41,Sherrybaby
335866,Circle,en,Horror,0,0,6.752141,2015-10-02,87,6,333,Circle
13510,Eden Lake,en,Horror,0,3983997,20.362373,2008-09-12,91,6.7,406,Eden Lake
215881,Plush,en,Thriller,0,0,5.099368,2013-09-13,98,5.4,40,Plush
18238,Lesbian Vampire Killers,en,Horror,0,0,6.632891,2009-03-16,86,5.3,124,Lesbian Vampire Killers
22600,Jerusalema,en,Drama,0,0,1.717376,2008-02-11,120,6.8,16,Gangster's Paradise: Jerusalema
12612,Freeze Frame,en,Thriller,0,0,4.922397,2004-05-01,99,6.9,18,Freeze Frame
50698,Grave Encounters,en,Thriller,1000000,0,13.222268,2011-09-09,92,6.1,381,Grave Encounters
115210,Stitches,en,Horror,100000,95000,7.447714,2012-05-19,86,5.5,92,Stitches
34335,Nine Dead,en,Crime,2000000,0,9.68793,2010-01-01,98,5.2,84,Nine Dead
459488,"To Be Frank, Sinatra at 100",en,Documentary,2,0,0.050625,2015-12-12,NA,0,0,"To Be Frank, Sinatra at 100"
11302,Bananas,en,Comedy,2000000,11833696,5.941852,1971-04-28,82,6.7,165,Bananas
119458,$upercapitalist,en,Thriller,0,0,0.174311,2012-08-10,103,3.5,2,Supercapitalist
20406,Rockaway,en,Action,0,0,0.361554,2007-07-07,76,5.8,2,Rockaway
3766,The Lady from Shanghai,en,Crime,2300000,0,8.055084,1947-12-24,87,7.2,102,The Lady from Shanghai
18616,No Man's Land: The Rise of Reeker,en,Horror,2000000,0,4.346271,2008-05-01,88,4.4,27,No Man's Land: The Rise of Reeker
18808,Highway,en,Action,14000000,0,3.419685,2002-01-01,97,5.6,37,Highway
95755,Small Apartments,en,Comedy,2000000,0,5.100741,2012-03-10,96,5.7,50,Small Apartments
198062,Coffee Town,en,Comedy,0,0,2.253589,2013-07-09,87,6.7,45,Coffee Town
188652,The Ghastly Love of Johnny X,en,Comedy,0,0,0.209475,2013-04-26,106,6.6,8,The Ghastly Love of Johnny X
174311,All Is Bright,en,Comedy,0,0,3.613577,2013-09-10,107,5.3,36,All Is Bright
12602,Die Schlangengrube und das Pendel,de,Mystery,0,0,1.296784,1967-10-05,85,6.3,12,The Torture Chamber of Dr. Sadism
153795,Straight A's,en,Comedy,7000000,0,4.50829,2013-01-16,88,5.2,46,Straight A's
17768,A Funny Thing Happened on the Way to the Forum,en,Comedy,0,0,8.902102,1966-10-16,99,6.1,24,A Funny Thing Happened on the Way to the Forum
13516,Slacker Uprising,en,Documentary,0,0,1.619635,2007-09-27,102,5.9,10,Slacker Uprising
98549,The Legend of Hell's Gate: An American Conspiracy,en,Action,0,0,1.002585,2011-03-03,108,3.9,8,The Legend of Hell's Gate: An American Conspiracy
312793,Walking with the Dead,en,Science Fiction,0,0,1.332804,2015-03-20,90,4.2,35,The Walking Deceased
309919,The Curse of Downers Grove,en,Thriller,2000000,0,2.00163,2015-08-21,89,4.4,24,The Curse of Downers Grove
299553,Shark Lake,en,Thriller,2000000,0,1.187764,2015-10-02,92,4.4,19,Shark Lake
21309,River's Edge,en,Crime,19000000,0,6.463806,1986-08-27,99,6.7,59,River's Edge
32235,Northfork,en,Fantasy,0,0,1.980265,2003-01-01,103,6.7,24,Northfork
329540,The Marine 4: Moving Target,en,Thriller,1950000,0,3.696123,2015-04-10,90,5.8,49,The Marine 4: Moving Target
26388,Buried,en,Drama,1987650,19152480,32.841229,2010-09-24,94,6.6,827,Buried
49020,Submarine,en,Drama,0,864659,8.518866,2011-03-18,97,7.4,443,Submarine
159037,The Square,ar,Documentary,0,0,4.892203,2013-06-07,88,7.8,55,The Square
12838,Chacun sa nuit,fr,Drama,0,0,4.665026,2006-07-21,95,5.8,12,One to Another
157293,एबीसीडी,hi,Drama,0,222000,1.294967,2013-02-07,160,5.6,10,ABCD (Any Body Can Dance)
14048,Man on Wire,en,Thriller,0,2957978,14.331992,2008-07-25,94,7.5,275,Man on Wire
356987,Abandoned,en,Drama,0,0,3.068463,2015-08-30,82,5.8,27,Abandoned
295886,Brotherly Love,en,Drama,1900000,0,1.367751,2015-04-24,89,6.9,21,Brotherly Love
38358,The Last Exorcism,en,Horror,1800000,67738090,14.838986,2010-08-27,87,5.6,328,The Last Exorcism
33511,Nowhere Boy,en,Drama,0,0,1.950959,2009-12-25,98,7.2,244,Nowhere Boy
702,A Streetcar Named Desire,en,Drama,1800000,8000000,14.884756,1951-09-18,125,7.6,281,A Streetcar Named Desire
935,Dr. Strangelove or: How I Learned to Stop Worrying and Love the Bomb,en,Drama,1800000,9440272,41.996783,1964-01-29,95,8,1442,Dr. Strangelove or: How I Learned to Stop Worrying and Love the Bomb
542,El Crimen del Padre Amaro,es,Drama,1800000,0,2.179428,2002-10-01,118,6.2,36,The Crime of Padre Amaro
84175,Beasts of the Southern Wild,en,Drama,1800000,21107746,12.471239,2012-06-29,93,6.8,403,Beasts of the Southern Wild
1705,Battle for the Planet of the Apes,en,Action,1700000,8844595,13.315383,1973-06-15,93,5.5,215,Battle for the Planet of the Apes
62677,Songcatcher,en,Drama,0,0,3.363321,2001-03-01,109,5.6,9,Songcatcher
50875,Higher Ground,en,Drama,2000000,841733,1.699101,2011-08-26,109,5.3,14,Higher Ground
260778,வாலு,ta,Comedy,0,0,0.320387,2015-08-14,155,6.7,5,Vaalu
58492,The Greatest Movie Ever Sold,en,Comedy,0,621951,0.692497,2011-04-22,87,6.4,88,The Greatest Movie Ever Sold
44562,Ed and His Dead Mother,en,Comedy,0,0,0.023436,1993-06-04,93,5.5,12,Ed and His Dead Mother
37232,Travellers and Magicians,en,Adventure,0,0,0.749699,2003-09-09,108,6.8,9,Travellers and Magicians
4929,Hang 'em High,en,Western,1800000,6800000,11.756943,1968-07-31,114,6.7,192,Hang 'em High
36334,Deadline - U.S.A.,en,Crime,0,0,0.225627,1952-03-14,87,6.9,17,Deadline - U.S.A.
9783,Sublime,en,Horror,0,0,6.833164,2007-06-15,113,5.3,33,Sublime
386826,A Beginner's Guide to Snuff,en,Thriller,0,0,0.060127,2016-03-04,87,0,0,A Beginner's Guide to Snuff
205126,Independence Daysaster,en,Action,1800000,0,1.959405,2013-06-27,86,4.2,22,Independence Daysaster
98557,Dysfunctional Friends,en,Comedy,1800000,0,0.21544,2012-02-03,101,5,4,Dysfunctional Friends
104,Lola rennt,de,Action,1530000,7267585,27.36562,1998-08-20,81,7.2,664,Run Lola Run
10894,May,en,Drama,500000,150277,8.650779,2002-01-13,93,6.3,152,May
246449,Against the Wild,en,Adventure,1493619,0,2.492747,2013-12-29,90,4.9,19,Against the Wild
32579,La misma luna,es,Drama,0,23311391,2.756435,2008-03-20,106,7,28,Under the Same Moon
1688,Conquest of the Planet of the Apes,en,Action,1700000,9700000,18.828683,1972-06-29,88,6.1,236,Conquest of the Planet of the Apes
1999,In the Bedroom,en,Drama,1700000,0,6.979638,2001-11-23,130,6.4,89,In the Bedroom
43947,I Spit on Your Grave,en,Thriller,2000000,572809,26.281839,2010-06-17,108,6.3,519,I Spit on Your Grave
24066,"Happy, Texas",en,Comedy,1700000,1943649,2.079125,1999-12-03,98,5.5,39,"Happy, Texas"
9709,My Summer of Love,en,Drama,0,0,3.939753,2004-08-20,86,6,59,My Summer of Love
191714,Dabba,hi,Drama,1000000,4235151,14.017809,2013-09-19,104,7.3,221,The Lunchbox
25312,Yes,en,Drama,0,0,3.677831,2005-08-05,100,5.9,7,Yes
34106,You Can't Take It With You,en,Comedy,1644736,7433101,3.426314,1938-08-23,126,7.2,79,You Can't Take It With You
11426,From Here to Eternity,en,War,1650000,30500000,6.915201,1953-08-04,118,7.2,133,From Here to Eternity
13909,She Wore a Yellow Ribbon,en,Western,1600000,5400000,8.535178,1949-10-22,103,7.1,61,She Wore a Yellow Ribbon
206284,Grace Unplugged,en,Drama,0,0,2.160586,2013-10-04,102,6,24,Grace Unplugged
27455,Foolish,en,Comedy,0,6033999,0.796009,1999-04-09,84,6.3,3,Foolish
66468,N-Secure,en,Drama,0,2592808,0.13456,2010-10-15,0,4.3,4,N-Secure
7973,سكر بنات,ar,Drama,0,0,4.554574,2007-07-01,96,6.8,52,Caramel
283686,Out of the Dark,en,Thriller,0,0,3.215465,2014-08-27,92,4.6,55,Out of the Dark
15976,Ha-Buah,he,Drama,0,0,1.49436,2006-06-06,114,7.6,20,The Bubble
592,The Conversation,en,Crime,1600000,4420000,20.810292,1974-04-07,113,7.5,372,The Conversation
74084,दिल जो भी कहे,hi,Romance,0,0,0.122704,2006-12-07,0,0,0,Dil Jo Bhi Kahey...
1651,La sirène du Mississipi,fr,Crime,0,0,3.654018,1969-06-18,123,6.7,32,Mississippi Mermaid
25428,I Love Your Work,en,Drama,0,0,3.313339,2003-10-05,111,6.5,2,I Love Your Work
298584,Cabin Fever,en,Horror,0,0,5.379319,2016-02-12,99,4.4,111,Cabin Fever
10758,Waitress,en,Comedy,2000000,22179430,9.67299,2007-05-25,108,6.7,129,Waitress
11690,Bloodsport,en,Action,1500000,11806119,17.49699,1988-02-26,92,6.6,363,Bloodsport
3083,Mr. Smith Goes to Washington,en,Comedy,1500000,9600000,12.2624,1939-10-19,129,7.9,241,Mr. Smith Goes to Washington
9344,Kids,en,Drama,1500000,7412216,13.291991,1995-07-28,91,6.8,279,Kids
10707,The Squid and the Whale,en,Comedy,1500000,11098131,13.788054,2005-10-05,81,6.9,226,The Squid and the Whale
15647,Kissing Jessica Stein,en,Comedy,1000000,10013424,3.990215,2001-04-21,97,5.9,48,Kissing Jessica Stein
308529,Kickboxer: Vengeance,en,Action,17000000,0,6.526588,2016-07-14,90,4.5,99,Kickboxer: Vengeance
4174,Spellbound,en,Drama,1500000,7000000,11.145915,1945-12-28,111,7.3,160,Spellbound
20156,Exotica,en,Drama,0,0,5.446832,1994-09-24,103,6.5,64,Exotica
9464,Buffalo '66,en,Romance,1500000,2375097,10.009994,1998-01-20,110,7.1,166,Buffalo '66
49018,Insidious,en,Horror,1500000,97009150,58.594852,2010-09-13,103,6.8,1737,Insidious
13820,Repo Man,en,Comedy,1500000,2300000,11.35344,1984-02-20,92,6.7,144,Repo Man
18079,Nueve Reinas,es,Crime,1500000,0,8.589355,2000-08-31,114,7.4,153,Nine Queens
127918,The Gatekeepers,en,Documentary,0,0,2.828303,2012-07-09,101,6.5,39,The Gatekeepers
17113,The Ballad of Jack and Rose,en,Drama,1500000,712294,3.618646,2005-03-25,111,6.5,43,The Ballad of Jack and Rose
129139,The To Do List,en,Comedy,1500000,3566225,15.017068,2013-07-24,104,5.5,342,The To Do List
507,Killing Zoe,en,Action,1500000,418961,5.817519,1993-10-01,96,6.1,111,Killing Zoe
4012,The Believer,en,Drama,1500000,416925,9.856826,2001-01-19,98,6.8,151,The Believer
14054,Snow Angels,en,Drama,0,414404,4.262374,2008-03-07,106,6.5,48,Snow Angels
323271,Unsullied,en,Thriller,0,0,0.06124,2015-08-28,93,3,1,Unsullied
10972,Session 9,en,Horror,1500000,373967,11.064228,2001-08-10,100,6.2,251,Session 9
13066,I Want Someone to Eat Cheese With,en,Comedy,0,0,1.742383,2006-01-01,80,5.7,12,I Want Someone to Eat Cheese With
66025,Mooz-lum,en,Drama,0,330048,0.414754,2011-02-11,95,4.5,3,Mooz-lum
11908,Hatchet,en,Comedy,0,0,12.677016,2006-04-27,83,5.7,159,Hatchet
3082,Modern Times,en,Drama,1,8500000,28.27648,1936-02-05,87,8.1,856,Modern Times
39541,Stolen Summer,en,Drama,0,0,0.87066,2002-03-22,91,6.4,9,Stolen Summer
1961,My Name Is Bruce,en,Comedy,1500000,173066,7.5591,2007-10-01,86,5.9,107,My Name Is Bruce
51820,The Salon,en,Comedy,1500000,0,2.02817,2005-01-13,0,3.5,1,The Salon
291362,Road Hard,en,Comedy,1500000,0,0.85901400000000006,2015-03-06,97,6.6,8,Road Hard
30082,Forty Shades of Blue,en,Drama,1500000,0,0.071377,2005-12-07,108,6,2,Forty Shades of Blue
72913,Amigo,en,Drama,1200000,0,0.193172,2010-07-14,128,6,2,Amigo
23963,Pontypool,en,Horror,1500000,32000,4.680206,2009-03-06,93,6.6,183,Pontypool
29406,Trucker,en,Drama,2000000,0,1.20173,2008-04-24,90,6.8,16,Trucker
361505,Me You and Five Bucks,en,Romance,1,0,0.094105,2015-07-07,90,10,2,Me You and Five Bucks
104755,The Lords of Salem,en,Horror,1500000,1165882,14.504326,2012-09-10,101,5.1,242,The Lords of Salem
253306,Housebound,en,Horror,0,0,10.322858,2014-09-04,109,6.5,358,Housebound
29595,Wal-Mart: The High Cost of Low Price,en,Documentary,0,0,1.404175,2005-11-04,98,6.9,24,Wal-Mart: The High Cost of Low Price
46729,Fetching Cody,en,Comedy,1,0,0.077876,2005-10-01,87,6.8,6,Fetching Cody
294600,Last I Heard,en,Drama,0,0,0.35819,2013-01-01,98,6,1,Last I Heard
137347,Closer to the Moon,en,Comedy,9000000,0,9.159265,2013-11-29,112,6.4,13,Closer to the Moon
290370,Mutant World,en,Science Fiction,0,1500000,1.893697,2014-09-27,85,2.6,9,Mutant World
426469,Growing Up Smith,en,Comedy,0,0,0.71087,2017-02-03,102,7.4,7,Growing Up Smith
356841,Checkmate,en,Thriller,0,0,1.105357,2015-07-03,102,4.2,13,Checkmate
301325,#Horror,de,Drama,1500000,0,2.815228,2015-11-20,90,3.3,52,#Horror
347755,Wind Walkers,en,Action,0,0,0.446858,2016-01-28,93,7.5,6,Wind Walkers
408,Snow White and the Seven Dwarfs,en,Fantasy,1488423,184925486,80.171283,1937-12-20,83,6.9,1914,Snow White and the Seven Dwarfs
44413,La niña santa,es,Drama,1400000,0,0.684881,2004-05-06,106,6.8,10,The Holy Girl
39209,Shalako,en,Western,1455000,2620000,3.598457,1968-11-06,113,5.4,12,Shalako
48463,Incident at Loch Ness,en,Adventure,1,0,1.452152,2004-12-17,94,5.9,18,Incident at Loch Ness
394047,The Dog Lover,en,Drama,2000000,0,1.193219,2016-07-08,101,5.3,6,The Dog Lover
312791,GirlHouse,en,Horror,3150000,0,8.039223,2014-10-16,100,5.2,97,GirlHouse
266034,La chambre bleue,fr,Drama,0,0,2.486992,2014-05-16,75,6.2,32,The Blue Room
280381,House at the End of the Drive,en,Thriller,0,0,0.43049,2014-01-11,91,0,0,House at the End of the Drive
2661,Batman,en,Family,1377800,0,9.815394,1966-07-30,105,6.1,203,Batman
100,"Lock, Stock and Two Smoking Barrels",en,Comedy,1350000,3897569,16.032594,1998-03-05,105,7.5,1648,"Lock, Stock and Two Smoking Barrels"
218500,The Ballad of Gregorio Cortez,en,Western,0,0,0.592821,1983-08-19,104,0,0,The Ballad of Gregorio Cortez
309,Festen,da,Drama,1300000,0,10.240917,1998-05-20,105,7.7,207,The Celebration
27845,Trees Lounge,en,Comedy,0,0,3.443916,1996-10-11,95,6.7,51,Trees Lounge
25784,Vượt Sóng,vi,Drama,1300000,639000,0.072066,2006-02-22,135,5,1,Journey from the Fall
52790,The Basket,en,Drama,0,619042,0.430758,2000-05-05,105,6.5,6,The Basket
100275,Eddie: The Sleepwalking Cannibal,en,Horror,0,1632,0.143784,2012-04-22,79,6.1,30,Eddie: The Sleepwalking Cannibal
295914,Kurmanjan Datka. Queen of the Mountains,ky,Drama,0,0,0.077873,2014-08-22,135,0,0,Queen of the Mountains
42033,Def-Con 4,en,Science Fiction,0,0,0.319792,1985-03-15,88,2.8,10,Def-Con 4
19187,The Hebrew Hammer,en,Action,1000000,0,1.600797,2003-01-01,85,5.9,18,The Hebrew Hammer
46415,Neal 'n' Nikki,en,Comedy,0,0,0.285131,2005-12-09,122,2.3,4,Neal 'n' Nikki
38570,The 41–Year–Old Virgin Who Knocked Up Sarah Marshall and Felt Superbad About It,en,Comedy,0,0,5.628399,2010-06-08,82,3.2,34,The 41–Year–Old Virgin Who Knocked Up Sarah Marshall and Felt Superbad About It
27588,Forget Me Not,en,Drama,0,0,5.065752,2009-10-22,103,5,66,Forget Me Not
223,Rebecca,en,Drama,1288000,6000000,18.426825,1940-04-12,130,7.7,336,Rebecca
9725,Friday the 13th Part 2,en,Horror,1250000,21722776,16.517777,1981-05-01,87,6,315,Friday the 13th Part 2
28580,The Lost Weekend,en,Drama,1250000,11000000,6.903314,1945-11-25,101,7.4,112,The Lost Weekend
23730,C.H.U.D.,en,Horror,1250000,3412497,4.45544,1984-08-31,88,5.3,62,C.H.U.D.
84197,Filly Brown,en,Drama,0,0,0.106949,2013-04-19,100,5.9,10,Filly Brown
46256,The Lion of Judah,en,Adventure,15000000,0,0.165909,2011-06-03,87,5.8,2,The Lion of Judah
19997,Niagara,en,Crime,1250000,8500000,9.903992,1953-01-21,92,6.7,79,Niagara
43266,How Green Was My Valley,en,Drama,1250000,6000000,7.70019,1941-10-28,118,6.8,72,How Green Was My Valley
278316,Da Sweet Blood of Jesus,en,Thriller,0,0,4.480579,2014-06-22,123,4.1,13,Da Sweet Blood of Jesus
1412,"Sex, Lies, and Videotape",en,Drama,1200000,0,10.869492,1989-08-18,100,6.7,185,"Sex, Lies, and Videotape"
176,Saw,en,Horror,1200000,103911669,63.655973,2004-10-01,103,7.2,2184,Saw
39939,Super Troopers,en,Comedy,3000000,18492362,16.312803,2001-01-18,100,6.6,362,Super Troopers
357834,The Algerian,en,NA,1,0,0.025364,2015-08-07,99,0,0,The Algerian
215924,Los insólitos peces gato,es,Comedy,1300000,0,1.473405,2013-08-10,87,5.7,17,The Amazing Catfish
480,Monsoon Wedding,hi,Comedy,0,0,8.109958,2001-08-30,114,6.8,57,Monsoon Wedding
14295,You Can Count on Me,en,Drama,0,0,7.142448,2000-11-17,111,6.8,88,You Can Count on Me
11219,The Trouble with Harry,en,Comedy,1200000,7000000,6.920873,1955-10-03,99,6.9,149,The Trouble with Harry
20770,But I'm a Cheerleader,en,Comedy,0,0,4.826908,1999-09-12,85,6.5,101,But I'm a Cheerleader
176124,Home Run,en,Drama,1200000,2861020,3.085411,2013-04-19,114,6.3,24,Home Run
500,Reservoir Dogs,en,Crime,1200000,14661007,66.925866,1992-09-02,99,8,3697,Reservoir Dogs
60400,The Blue Bird,en,Drama,0,0,1.280733,1940-01-19,88,6.4,8,The Blue Bird
429,"Il buono, il brutto, il cattivo",it,Western,1200000,6000000,88.377076,1966-12-23,161,8.1,2311,"The Good, the Bad and the Ugly"
310569,Que Horas Ela Volta?,pt,Drama,0,0,9.683622,2015-02-08,110,7.8,165,The Second Mother
98369,Blue Like Jazz,en,Drama,1250000,0,1.6116,2012-04-13,106,5.8,25,Blue Like Jazz
114065,Down & Out With The Dolls,en,Comedy,0,0,0.002386,2003-03-20,88,0,0,Down & Out With The Dolls
89750,"Pink Ribbons, Inc.",en,Documentary,900000,25000,0.097913,2011-09-11,97,6.8,6,"Pink Ribbons, Inc."
49951,Certifiably Jonathan,en,Comedy,1200000,0,0.047781,2007-03-01,85,0,0,Certifiably Jonathan
86331,Q,fr,Drama,1344000,0,20.422246,2011-09-14,103,4.1,140,Desire
355629,La Navaja De Don Juan,en,Drama,0,0,0.021678,2013-10-27,98,0,0,The Blade of Don Juan
16433,Grand Theft Parsons,en,Crime,0,0,1.998557,2003-06-18,88,6,11,Grand Theft Parsons
15544,Extreme Movie,en,Comedy,0,0,8.148187,2008-12-05,88,3.9,44,Extreme Movie
43884,The Charge of the Light Brigade,en,Action,1200000,2736000,2.968235,1936-10-20,115,6.8,18,The Charge of the Light Brigade
107315,Below Zero,en,Thriller,0,0,1.36514,2011-10-22,0,4.4,12,Below Zero
137955,Crowsnest,en,NA,1200000,0,0.057564,2012-01-01,84,4.8,12,Crowsnest
13064,Airborne,en,Action,2600000,2850263,8.001156,1993-09-17,91,6.1,20,Airborne
59917,Cotton Comes to Harlem,en,Action,1200000,0,1.079125,1970-05-27,97,6.7,13,Cotton Comes to Harlem
157422,The Wicked Within,en,Horror,0,0,1.906151,2015-10-16,91,4.2,26,The Wicked Within
310933,Bleeding Hearts,en,Horror,0,0,0.100533,2013-06-01,0,2,1,Bleeding Hearts
7553,Waiting...,en,Comedy,3000000,18637690,10.230583,2005-10-07,94,6.2,237,Waiting...
12877,Dead Man's Shoes,en,Drama,0,0,12.818441,2004-09-29,90,7.2,151,Dead Man's Shoes
39895,From a Whisper to a Scream,en,Comedy,1100000,1400000,1.220072,1987-09-25,99,6.8,15,From a Whisper to a Scream
102840,Sex With Strangers,en,Documentary,0,0,0.014406,2002-02-22,0,5,1,Sex With Strangers
55616,Dracula: Pages from a Virgin's Diary,en,Horror,1596010,0,0.552361,2002-02-28,75,6.9,8,Dracula: Pages from a Virgin's Diary
29697,Faith Like Potatoes,en,Drama,0,0,0.147886,2006-10-27,97,6,9,Faith Like Potatoes
50037,Beyond the Black Rainbow,en,Fantasy,1100000,0,7.717237,2010-12-03,110,5.7,77,Beyond the Black Rainbow
94329,Serbuan maut,id,Action,1100000,4105187,40.285095,2011-09-08,101,7.3,1055,The Raid
53502,The Dead Undead,en,Horror,0,0,0.249457,2010-05-13,90,3.1,6,The Dead Undead
202604,The Vatican Exorcisms,en,Horror,0,0,0.447166,2013-05-29,0,4.4,11,The Vatican Exorcisms
289,Casablanca,en,Drama,878000,10462500,43.729123,1942-11-26,102,7.9,1422,Casablanca
27374,Lake Mungo,en,Horror,0,0,4.653047,2008-06-17,84,6.1,90,Lake Mungo
26815,Rocket Singh: Salesman of the Year,hi,Drama,1250000,0,3.000435,2009-12-11,156,7,27,Rocket Singh: Salesman of the Year
811,Silent Running,en,Adventure,1000000,0,11.095414,1972-03-09,89,6.3,177,Silent Running
1366,Rocky,en,Drama,1000000,117235147,72.19808,1976-11-21,119,7.5,1791,Rocky
244776,The Sleepwalker,en,Drama,0,0,0.926084,2014-01-20,92,4.1,7,The Sleepwalker
5769,Tom Jones,en,Adventure,1000000,37600000,2.833166,1963-10-06,128,6.1,39,Tom Jones
277685,Unfriended,en,Horror,1000000,62882090,41.972329,2015-04-17,82,5.5,1047,Unfriended
103,Taxi Driver,en,Crime,1300000,28262574,58.845025,1976-02-07,114,8,2535,Taxi Driver
11298,The Howling,en,Drama,1000000,17985893,6.532855,1981-04-03,91,6.4,161,The Howling
646,Dr. No,en,Adventure,950000,59600000,48.901542,1962-10-04,110,6.9,940,Dr. No
93856,Chernobyl Diaries,en,Horror,0,18112929,20.649145,2012-05-24,88,4.9,483,Chernobyl Diaries
9003,Hellraiser,en,Horror,1000000,14564027,22.583834,1987-09-11,94,6.9,449,Hellraiser
347126,God's Not Dead 2,en,Drama,5000000,23507567,6.96858,2016-04-01,121,5.7,72,God's Not Dead 2
10092,Cry_Wolf,en,Horror,1000000,10047674,6.926926,2005-09-16,90,5.6,126,Cry_Wolf
10643,Gojira ni-sen mireniamu,ja,Adventure,1000000,10037390,3.322721,1999-12-11,107,5.9,43,Godzilla 2000
46705,Blue Valentine,en,Drama,3500000,16566240,26.881611,2010-12-27,112,6.9,890,Blue Valentine
546,Transamerica,en,Drama,1000000,13350369,9.773398,2005-12-23,103,6.9,144,Transamerica
76487,The Devil Inside,en,Thriller,1000000,101758490,13.152822,2012-01-06,83,4.6,262,The Devil Inside
5722,Beyond the Valley of the Dolls,en,Comedy,2090000,40000000,4.289003,1970-07-17,109,6.6,53,Beyond the Valley of the Dolls
39833,Love Me Tender,en,Drama,1000000,9000000,1.444258,1956-11-15,89,5.5,21,Love Me Tender
1781,An Inconvenient Truth,en,Documentary,1000000,46243000,14.139004,2006-01-24,100,6.7,251,An Inconvenient Truth
18712,Sands of Iwo Jima,en,Action,1000000,7800000,3.851,1949-12-14,100,6.2,33,Sands of Iwo Jima
7944,Shine a Light,en,Documentary,0,0,2.162522,2008-02-07,122,7.2,44,Shine a Light
171424,The Green Inferno,en,Action,5000000,6833445,17.845161,2014-09-04,100,5,349,The Green Inferno
361475,Departure,en,Drama,0,0,0.42583,2016-05-20,109,7.5,12,Departure
113947,The Sessions,en,Drama,1000000,9138338,9.115486,2012-05-02,98,6.6,179,The Sessions
18570,"Food, Inc.",en,Documentary,0,0,15.017162,2008-09-07,94,7.4,217,"Food, Inc."
83860,October Baby,en,Drama,0,5355847,1.86221,2011-10-30,107,6.8,35,October Baby
41469,Next Stop Wonderland,en,Comedy,0,0,1.334481,1998-08-21,96,6,20,Next Stop Wonderland
244772,The Skeleton Twins,en,Drama,0,5284309,15.699363,2014-01-18,90,6.7,292,The Skeleton Twins
50837,Martha Marcy May Marlene,en,Drama,0,3538446,17.806082,2011-10-21,101,6.7,277,Martha Marcy May Marlene
248774,Obvious Child,en,Comedy,0,3123963,10.12895,2014-06-06,83,6.7,187,Obvious Child
10183,Frozen River,en,Drama,0,0,4.805651,2008-08-01,97,6.7,99,Frozen River
159014,20 Feet from Stardom,en,Documentary,1000000,0,5.247956,2013-06-14,89,7.4,85,20 Feet from Stardom
32456,Two Girls and a Guy,en,Drama,1000000,2057193,4.86805,1997-09-07,84,5.4,24,Two Girls and a Guy
49963,Walking and Talking,en,Comedy,0,0,0.367312,1996-07-17,86,6.6,7,Walking and Talking
13508,Who Killed the Electric Car?,en,Documentary,1000000,1678874,5.323184,2006-08-04,92,7.2,59,Who Killed the Electric Car?
22597,The Broken Hearts Club: A Romantic Comedy,en,Comedy,1000000,1744858,3.424158,2000-02-01,94,6.3,25,The Broken Hearts Club: A Romantic Comedy
9707,Bubba Ho-tep,en,Comedy,1000000,0,9.954848,2002-06-09,92,6.7,191,Bubba Ho-tep
37532,Slam,en,Drama,1,0,0.29245,1998-10-07,100,6.7,7,Slam
26791,Brigham City,en,Crime,1000000,852206,0.280083,2001-03-30,119,7.3,4,Brigham City
56666,Fiza,hi,Drama,1000000,623791,0.043023,2000-09-08,170,6.1,7,Fiza
8675,Orgazmo,en,Comedy,1000000,0,5.06516,1997-09-06,94,6.2,115,Orgazmo
13132,All the Real Girls,en,Drama,0,0,3.65924,2003-08-01,108,5.9,30,All the Real Girls
47686,Dream with the Fishes,en,Comedy,0,0,0.948316,1997-01-01,97,7.7,10,Dream with the Fishes
46989,Blue Car,en,Drama,1000000,464000,0.672695,2002-01-11,92,6.7,13,Blue Car
192132,Palo Alto,en,Drama,0,0,16.570708,2014-05-09,100,6.4,348,Palo Alto
24424,Ajami,he,Crime,0,0,0.51799,2009-09-17,120,6.8,27,Ajami
13198,Wristcutters: A Love Story,en,Comedy,0,0,8.542921,2006-01-24,88,6.7,160,Wristcutters: A Love Story
244267,I Origins,en,Science Fiction,0,336472,37.555398,2014-07-18,106,7.5,1063,I Origins
21413,The Battle of Shaker Heights,en,Comedy,1000000,0,5.20209,2003-08-22,79,5.6,17,The Battle of Shaker Heights
123678,Jagal,id,Documentary,1000000,444575,8.887411,2012-08-31,115,7.5,210,The Act of Killing
13362,Taxi to the Dark Side,en,Documentary,1000000,274661,0.748565,2007-04-30,106,6.6,53,Taxi to the Dark Side
39183,Once in a Lifetime: The Extraordinary Story of the New York Cosmos,en,Documentary,1000000,0,0.436148,2006-01-01,97,4.7,3,Once in a Lifetime: The Extraordinary Story of the New York Cosmos
62402,Guiana 1838,en,Drama,0,0,0.030253,2004-09-24,120,2.8,3,Guiana 1838
206412,Lisa Picard Is Famous,en,NA,0,0,0.690089,2000-05-14,90,4,1,Lisa Picard Is Famous
201132,Antarctica: A Year on Ice,en,Drama,1000000,0,1.883947,2013-09-05,92,7.2,29,Antarctica: A Year on Ice
251471,A LEGO Brickumentary,en,Documentary,650000,0,1.631274,2015-07-31,93,6.4,55,A LEGO Brickumentary
112456,Hardflip,en,Drama,1000000,0,0.341461,2012-06-01,114,4.7,5,Hardflip
20296,Chocolate: Deep Dark Secrets,en,Thriller,0,0,0.887821,2005-09-16,200,3.4,6,Chocolate: Deep Dark Secrets
25983,The House of the Devil,en,Mystery,0,0,8.628485,2009-04-25,95,6,197,The House of the Devil
66195,The Perfect Host,en,Comedy,0,14870,6.507094,2010-07-01,93,6.2,135,The Perfect Host
16155,Safe Men,en,Comedy,0,0,1.190729,1998-08-17,88,6.3,16,Safe Men
46727,Speedway Junky,en,Romance,1000000,0,0.340019,1999-02-11,104,5.2,7,Speedway Junky
55180,The Last Big Thing,en,Comedy,0,0,0.678475,1998-09-23,98,6,3,The Last Big Thing
29015,The Specials,en,Action,0,0,9.055447,2000-09-22,82,5.5,11,The Specials
91122,16 to Life,en,Comedy,0,0,0.108468,2009-09-19,118,4.4,5,16 to Life
18206,Alone With Her,en,Crime,1000000,10018,2.175696,2006-04-28,78,6.2,20,Alone With Her
320146,Creative Control,en,Drama,1000000,0,1.50211,2016-03-11,97,5.4,25,Creative Control
13856,Special,en,Drama,1000000,7202,1.260314,2006-01-30,81,6.6,32,Special
219716,Sparkler,en,NA,0,0,0.547654,1999-03-19,96,0,1,Sparkler
43630,The Helix... Loaded,en,Action,0,0,0.0206,2005-01-01,97,4.8,2,The Helix... Loaded
56491,In Her Line of Fire,en,Drama,0,0,0.429587,2006-04-21,88,3.3,9,In Her Line of Fire
99826,The Jimmy Show,en,Comedy,0,0,0.098351,2002-01-16,96,8,1,The Jimmy Show
186935,Heli,es,Crime,1000000,0,3.629777,2013-08-09,105,6.2,32,Heli
357441,Karachi se Lahore,en,Family,0,0,0.060003,2015-07-31,0,8,1,Karachi se Lahore
19344,Loving Annabelle,en,Drama,900000,0,7.145832,2006-03-08,76,6.4,55,Loving Annabelle
242083,Hits,en,Drama,1000000,0,3.638411,2014-01-21,96,4.9,23,Hits
18869,Jimmy and Judy,en,Action,0,0,1.255771,2006-01-01,99,5.4,8,Jimmy and Judy
26673,Frat Party,en,Comedy,0,0,0.783842,2009-01-01,84,3.5,4,Frat Party
41830,The Party's Over,en,Drama,0,0,0.118324,1965-04-22,94,6.1,6,The Party's Over
37694,Proud,en,Drama,0,0,0.023681,2004-07-02,87,5.5,3,Proud
63287,The Poker House,en,Drama,0,0,2.948576,2008-06-20,93,6.1,47,The Poker House
335874,Childless,en,NA,0,0,0.243853,2015-04-03,90,4.5,2,Childless
34592,ZMD: Zombies of Mass Destruction,en,Horror,0,0,1.563711,2009-01-01,92,4.7,31,ZMD: Zombies of Mass Destruction
92635,Snow White: A Deadly Summer,en,Horror,1000000,0,0.653495,2012-03-16,85,4.8,11,Snow White: A Deadly Summer
258755,A escondidas,es,Romance,0,0,1.233688,2014-10-03,96,7.6,26,Hidden Away
96534,My Last Day Without You,de,Comedy,1000000,0,0.153625,2011-06-11,90,5.7,3,My Last Day Without You
21283,Steppin: The Movie,en,Comedy,0,0,0.328498,2009-05-19,85,5,4,Steppin: The Movie
272724,Doc Holliday's Revenge,en,Western,1000000,0,0.4594,2014-06-01,84,3.2,3,Doc Holliday's Revenge
84178,Black Rock,en,Thriller,0,0,7.207051,2012-01-21,83,4.9,78,Black Rock
101179,Truth or Dare,en,Horror,0,0,6.679954,2012-08-05,95,5.7,117,Truth or Dare
52462,The Pet,en,Drama,0,0,1.284741,2006-05-17,94,5.3,3,The Pet
269057,Bang Bang Baby,en,Science Fiction,1000000,0,0.973323,2014-09-08,90,6.6,8,Bang Bang Baby
287524,Fear Clinic,en,Horror,1,0,1.859965,2014-10-31,95,4,42,Fear Clinic
206213,Zombie Hunter,en,Comedy,0,0,3.418372,2013-07-25,93,3.5,34,Zombie Hunter
248402,A Fine Step,en,Drama,0,0,0.65434,2014-04-16,90,4.1,7,A Fine Step
29146,Charly,en,Drama,950000,814666,0.178689,1968-09-23,103,6.6,28,Charly
207769,Banshee Chapter,en,Horror,950000,0,7.310879,2013-08-26,87,5.7,92,Banshee Chapter
271185,Ask Me Anything,en,Drama,950000,0,8.976128,2014-04-19,100,5.5,155,Ask Me Anything
29731,And Then Came Love,en,Comedy,0,0,0.280829,2007-01-01,90,5,1,And Then Came Love
292539,Food Chains,de,Documentary,913000,0,0.795698,2014-04-26,83,7.4,8,Food Chains
654,On the Waterfront,en,Crime,910000,9600000,16.015599,1954-06-22,108,8,357,On the Waterfront
91070,L!fe Happens,en,Comedy,930000,30905,5.974156,2011-06-18,100,5.3,66,L!fe Happens
2009,"4 luni, 3 săptămîni și 2 zile",ro,Drama,852510,1185783,9.270133,2007-08-24,113,7.3,156,"4 Months, 3 Weeks and 2 Days"
323270,The Horror Network Vol. 1,en,Horror,0,0,0.392658,2015-10-27,0,5,2,The Horror Network Vol. 1
2652,Hard Candy,en,Drama,950000,7022209,25.918007,2005-01-14,103,6.8,701,Hard Candy
9813,The Quiet,en,Drama,900000,381420,4.0971,2005-09-12,96,6.1,73,The Quiet
60421,Circumstance,fa,Drama,0,0,2.34239,2011-08-26,107,7.4,23,Circumstance
157354,Fruitvale Station,en,Drama,0,17385830,20.967146,2013-07-25,85,7.3,390,Fruitvale Station
127867,The Brass Teapot,en,Comedy,0,0,10.639774,2012-09-08,100,5.8,160,The Brass Teapot
3170,Bambi,en,Animation,858000,267447150,47.651878,1942-08-14,70,6.8,1405,Bambi
14014,The Hammer,en,Comedy,0,0,0.957022,2007-04-01,88,6.5,15,The Hammer
15708,Latter Days,en,Drama,850000,819939,5.424916,2003-07-10,107,6.7,56,Latter Days
146882,Le bonheur d'Elza,fr,Drama,0,0,0.007254,2011-04-11,78,0,0,Elza
215918,1982,en,Drama,1000000,0,0.175885,2013-12-31,90,5,1,1982
84200,"For a Good Time, Call...",en,Comedy,850000,1243961,14.238376,2012-08-31,85,5.8,110,"For a Good Time, Call..."
84184,Celeste & Jesse Forever,en,Comedy,0,3094813,9.436431,2012-08-03,91,6.4,163,Celeste & Jesse Forever
45767,Time Changer,en,Comedy,0,0,0.339757,2002-10-25,95,5.2,9,Time Changer
14823,London to Brighton,en,Crime,0,0,3.060685,2006-12-01,85,6.5,34,London to Brighton
367551,American Hero,en,Action,0,0,5.023091,2015-12-11,86,5,62,American Hero
343409,Windsor Drive,en,Thriller,0,0,0.504251,2015-06-26,90,2,1,Windsor Drive
60243,جدایی نادر از سیمین,fa,Drama,800000,0,12.049373,2011-03-15,123,7.7,469,A Separation
57294,Crying with Laughter,en,Comedy,0,0,0.108135,2009-06-01,93,7,1,Crying with Laughter
11446,Welcome to the Dollhouse,en,Comedy,0,0,5.870319,1995-05-24,88,6.9,103,Welcome to the Dollhouse
47889,Ruby in Paradise,en,Drama,800000,1001437,0.59424,1993-10-08,114,5.6,10,Ruby in Paradise
25461,Raising Victor Vargas,en,Drama,800000,2816116,3.643662,2002-05-16,88,7.8,13,Raising Victor Vargas
905,Die Büchse der Pandora,de,Drama,0,0,1.824184,1929-01-30,109,7.6,45,Pandora's Box
279759,Harrison Montgomery,en,NA,0,0,0.006943,2008-01-01,0,0,0,Harrison Montgomery
78705,Cama adentro,en,Drama,0,0,0.038706,2004-09-21,83,7.8,3,Live-In Maid
25212,Deterrence,en,Action,0,0,2.171288,2000-03-10,101,6.1,7,Deterrence
26899,The Mudge Boy,en,Drama,800000,62852,5.292536,2003-01-17,94,7.3,23,The Mudge Boy
146269,The Young Unknowns,en,Drama,0,0,0.004922,2000-03-12,87,0,0,The Young Unknowns
292483,Not Cool,en,Comedy,0,0,1.186971,2014-09-23,90,3.7,25,Not Cool
14451,Død snø,no,Horror,800000,1984662,11.205726,2009-01-09,91,6.1,311,Dead Snow
10105,Saints and Soldiers,en,Action,780000,0,6.003418,2003-09-11,90,6.6,98,Saints and Soldiers
211557,Vessel,en,Horror,0,0,0.322553,2012-10-28,14,5.9,8,Vessel
838,American Graffiti,en,Comedy,777000,140000000,19.326115,1973-08-01,110,6.9,324,American Graffiti
40862,Iraq for Sale: The War Profiteers,en,Documentary,0,0,1.517771,2006-01-01,75,8,6,Iraq for Sale: The War Profiteers
13158,Aqua Teen Hunger Force Colon Movie Film for Theaters,en,Animation,0,0,1.453146,2007-04-13,86,6.5,35,Aqua Teen Hunger Force Colon Movie Film for Theaters
84332,Safety Not Guaranteed,en,Comedy,750000,4007792,25.186002,2012-06-08,85,6.8,556,Safety Not Guaranteed
74510,Kevin Hart: Laugh at My Pain,en,Comedy,0,0,5.4988340000000004,2011-09-09,89,7.7,43,Kevin Hart: Laugh at My Pain
74725,Kill List,en,Horror,500000,171760,12.203041,2011-09-02,95,6,210,Kill List
58428,The Innkeepers,en,Horror,750000,78396,14.386807,2011-12-01,102,5.4,219,The Innkeepers
8416,Il conformista,it,Drama,750000,0,8.429295,1970-10-21,107,7.6,127,The Conformist
36584,Interview with the Assassin,en,Drama,500000,0,0.471264,2002-05-09,88,5.6,5,Interview with the Assassin
13429,Donkey Punch,en,Horror,0,0,3.283886,2008-07-18,99,4.5,52,Donkey Punch
9022,All the Boys Love Mandy Lane,en,Horror,750000,0,12.284939,2008-02-15,90,5.7,209,All the Boys Love Mandy Lane
22530,Bled,en,Horror,0,0,1.039149,2008-01-01,95,3.8,4,Bled
288,High Noon,en,Western,730000,8000000,18.644023,1952-03-27,85,7.6,334,High Noon
14275,Hoop Dreams,en,Documentary,700000,7830611,9.188431,1994-09-12,171,7.7,87,Hoop Dreams
2287,Rize,en,Documentary,0,0,1.623769,2005-01-15,86,5.9,13,Rize
18734,L.I.E. Long Island Expressway,en,Drama,700000,1667192,7.731064,2001-01-20,97,6.7,31,L.I.E.
206197,The Sisterhood of Night,en,Mystery,0,0,2.868942,2015-04-10,104,6.5,31,The Sisterhood of Night
26837,B-Girl,en,Crime,0,0,0.631571,2009-07-29,84,5.5,7,B-Girl
7859,Half Nelson,en,Drama,700000,4911725,12.378031,2006-08-11,107,6.5,240,Half Nelson
302579,Naturally Native,en,Drama,700000,10508,0.578798,1999-10-08,107,0,0,Naturally Native
51955,Hav Plenty,en,Action,0,0,0.003142,1997-09-11,92,0,0,Hav Plenty
376004,Adulterers,en,Thriller,750000,0,1.471139,2016-01-05,80,5.2,16,Adulterers
158752,Escape from Tomorrow,en,Horror,650,0,1.352222,2013-10-11,90,4.8,87,Escape from Tomorrow
40658,Starsuckers,en,Documentary,0,0,0.429083,2009-09-30,103,6.2,5,Starsuckers
296943,The Hadza:  Last of the First,en,Documentary,0,0,0.045648,2014-10-31,70,0,0,The Hadza:  Last of the First
118612,After,en,Mystery,0,0,4.596157,2012-08-27,90,5.6,63,After
138976,Treachery,en,Drama,625000,0,0.283059,2013-05-16,68,4.8,5,Treachery
323967,Walter,en,Drama,700000,0,2.659006,2015-03-13,87,5.3,26,Walter
3080,Top Hat,en,Comedy,609000,3202000,3.898498,1935-09-06,101,7.4,59,Top Hat
2667,The Blair Witch Project,en,Horror,60000,248000000,41.690578,1999-07-14,81,6.3,1055,The Blair Witch Project
9459,Woodstock,en,History,600000,34505110,3.409764,1970-03-26,225,7.1,66,Woodstock
11598,The Kentucky Fried Movie,en,Comedy,600000,0,10.861167,1977-08-10,83,6.4,66,The Kentucky Fried Movie
26916,Mercy Streets,en,Action,0,0,0.099902,2000-10-31,106,5.5,2,Mercy Streets
181940,Arnolds Park,en,Thriller,0,0,0.006069,2007-07-20,103,0,0,Carousel of Revenge
125263,Broken Vessels,en,Drama,0,0,0.069277,1998-04-18,90,6,2,Broken Vessels
263503,Water & Power,en,Crime,0,0,0.350557,2014-05-02,0,3,1,Water & Power
324322,They Will Have to Kill Us First,fr,Music,522360,0,0.071349,2015-10-13,105,5,1,They Will Have to Kill Us First
331493,Light from the Darkroom,en,NA,0,0,0.012942,2014-01-01,0,0,0,Light from the Darkroom
375950,Médecin de campagne,fr,Drama,0,0,2.651304,2016-03-23,102,6,63,The Country Doctor
278348,The Maid's Room,en,Thriller,0,0,1.501688,2014-08-08,98,4.8,4,The Maid's Room
704,A Hard Day's Night,en,Comedy,560000,12299668,10.730056,1964-07-06,88,7.3,168,A Hard Day's Night
70875,The Harvest (La Cosecha),en,Documentary,56000,0,0.010909,2011-07-29,80,0,0,The Harvest (La Cosecha)
75986,Love Letters,en,Drama,550000,0,0.001586,1983-04-01,98,4.6,4,Love Letters
385636,Julija in Alfa Romeo,sl,Comedy,0,0,0.061248,2015-09-17,83,6,1,Juliet and Alfa Romeo
14438,Fireproof,en,Drama,500000,33456317,6.093989,2008-09-26,122,7,100,Fireproof
211086,Faith Connections,hi,Documentary,550000,0,0.48088,2013-11-21,115,4.2,3,Faith Connections
23069,Benji,en,Adventure,0,0,2.651418,1974-10-17,86,6.1,35,Benji
83,Open Water,en,Drama,130000,54667954,15.611857,2004-08-06,79,5.4,315,Open Water
89857,High Road,en,Comedy,0,0,1.292948,2012-03-06,87,5.8,22,High Road
30315,Kingdom of the Spiders,en,Horror,500000,17000000,2.537032,1977-08-24,97,5.7,30,Kingdom of the Spiders
14358,Mad Hot Ballroom,en,Documentary,0,0,0.772668,2005-05-13,105,7.2,8,Mad Hot Ballroom
2056,The Station Agent,en,Drama,500000,8679814,11.578545,2003-01-26,88,7.4,210,The Station Agent
41144,To Save A Life,en,Drama,0,0,0.05021,2009-11-05,120,6.2,21,To Save A Life
35199,Wordplay,en,Documentary,0,0,0.906096,2006-06-26,94,7.3,10,Wordplay
14271,Beyond the Mat,en,Documentary,2053648,500000,2.778633,1999-10-22,102,7.8,17,Beyond the Mat
16653,The Singles Ward,en,Comedy,0,0,0.920591,2002-01-30,102,7.5,4,The Singles Ward
14757,Osama,ps,Drama,46000,0,1.447734,2003-05-20,83,6.3,32,Osama
84401,Sholem Aleichem: Laughing In The Darkness,en,Documentary,500000,845188,0.109579,2012-02-24,93,7,2,Sholem Aleichem: Laughing In The Darkness
23655,Groove,en,Drama,0,0,1.09454,2000-06-08,86,5.6,6,Groove
36825,The R.M.,en,Comedy,0,0,0.082978,2003-01-31,101,4.8,4,The R.M.
33430,Twin Falls Idaho,en,Drama,0,0,0.619136,1999-07-30,111,7,11,Twin Falls Idaho
12281,Mean Creek,en,Crime,500000,603943,8.519202,2004-01-15,90,6.9,106,Mean Creek
125052,Hurricane Streets,en,Romance,0,0,0.36447,1997-01-21,86,4.8,4,Hurricane Streets
96238,Never Again,en,Comedy,0,0,0.039077,2002-07-12,98,4,3,Never Again
30246,Civil Brand,en,Crime,0,0,0.665512,2003-08-29,95,5.3,4,Civil Brand
7301,Lonesome Jim,en,Comedy,0,0,3.433625,2005-11-16,91,6.4,26,Lonesome Jim
172533,Drinking Buddies,en,Romance,0,343341,17.378455,2013-08-23,90,6,356,Drinking Buddies
180383,Deceptive Practice: The Mysteries and Mentors of Ricky Jay,en,Documentary,500000,0,0.425195,2012-10-04,88,7.1,17,Deceptive Practice: The Mysteries and Mentors of Ricky Jay
346,七人の侍,ja,Action,2000000,271841,39.756748,1954-04-26,207,8.2,878,Seven Samurai
84318,Kita svajonių komanda,en,Documentary,0,0,0.388401,2012-09-28,89,6.9,7,The Other Dream Team
45145,Johnny Suede,en,Comedy,500000,0,1.354816,1991-08-18,97,4.7,13,Johnny Suede
13983,Finishing The Game,en,Comedy,0,0,0.459625,2007-01-21,84,4.9,8,Finishing The Game
45649,Rubber,en,Comedy,500000,98017,9.108949,2010-07-09,85,5.7,251,Rubber
19844,Kiss the Bride,en,Drama,0,0,1.65426,2007-01-01,100,4.2,11,Kiss the Bride
21801,The Slaughter Rule,en,Drama,0,0,1.390909,2002-01-01,112,6.2,9,The Slaughter Rule
43933,Monsters,en,Drama,500000,4242978,26.406001,2010-06-18,94,6.2,587,Monsters
73511,The Californians,en,Drama,0,0,0.218736,2005-10-21,91,4,1,The Californians
43653,The Living Wake,en,Comedy,0,0,0.383442,2007-01-01,91,5,1,The Living Wake
139715,Detention of the Dead,en,Comedy,500000,0,2.391847,2012-04-27,87,4.5,34,Detention of the Dead
45380,疯狂的石头,zh,Action,0,0,1.68502,2006-01-01,98,6.9,22,Crazy Stone
30867,Scott Walker: 30 Century Man,en,Documentary,0,0,0.607782,2006-10-31,95,7,8,Scott Walker: 30 Century Man
81220,Everything Put Together,en,Drama,500000,0,0.046903,2001-11-02,87,5,2,Everything Put Together
253626,Good Kill,en,Action,0,316472,10.924273,2015-04-09,104,5.9,208,Good Kill
294550,The Outrageous Sophie Tucker,en,NA,0,0,0.021419,2014-05-02,96,0,0,The Outrageous Sophie Tucker
90369,Now Is Good,en,Drama,0,0,14.142073,2012-05-25,103,7.3,371,Now Is Good
117942,Girls Gone Dead,en,Horror,500000,0,1.600171,2012-03-28,104,3.5,14,Girls Gone Dead
380097,America Is Still the Place,en,NA,0,0,0,NA,0,0,0,America Is Still the Place
322194,Subconscious,en,Action,0,0,0.397323,2015-03-10,110,3.4,4,Subconscious
98568,Enter Nowhere,en,Mystery,0,0,3.637857,2011-10-22,90,6.5,49,Enter Nowhere
119657,El Rey de Najayo,en,Crime,500,0,0.080105,2012-03-01,101,0,0,El Rey de Najayo
380733,Fight to the Finish,en,Romance,0,0,0.251828,2016-02-02,94,5.2,3,Fight to the Finish
285743,Alleluia! The Devil's Carnival,en,Music,0,0,0.674398,2016-03-29,0,6,2,Alleluia! The Devil's Carnival
362765,The Sound and the Shadow,en,Thriller,0,0,0.072359,2014-10-19,90,0,0,The Sound and the Shadow
379532,Rodeo Girl,en,Family,0,0,0.087574,2016-01-05,108,5.5,1,Rodeo Girl
253261,Born to Fly: Elizabeth Streb vs. Gravity,en,Documentary,0,0,0.069244,2014-03-08,82,5,1,Born to Fly: Elizabeth Streb vs. Gravity
297100,The Little Ponderosa Zoo,en,NA,500000,0,0.073079,2014-09-11,84,2,1,The Little Ponderosa Zoo
15239,The Toxic Avenger,en,Science Fiction,0,0,6.672008,1984-05-01,82,6.3,113,The Toxic Avenger
94072,Straight Out of Brooklyn,en,Drama,0,0,0.161517,1991-06-13,0,4.3,4,Straight Out of Brooklyn
4107,Bloody Sunday,en,Action,0,773228,7.330691,2002-01-16,107,7.2,53,Bloody Sunday
325579,Diamond Ruff,en,NA,0,0,0.165257,2015-01-01,0,2.4,4,Diamond Ruff
15624,Conversations with Other Women,en,Drama,450000,973525,4.442355,2006-06-07,84,6.2,38,Conversations with Other Women
17287,Poultrygeist: Night of the Chicken Dead,en,Horror,0,0,3.905877,2006-12-26,103,5.9,41,Poultrygeist: Night of the Chicken Dead
198370,Mutual Friends,en,NA,0,0,0.136721,2014-04-15,0,0,0,Mutual Friends
3062,42nd Street,en,Music,439000,2281000,1.933366,1933-02-02,89,6.1,37,42nd Street
328307,Rise of the Entrepreneur: The Search for a Better Way,en,NA,0,0,0.052942,2014-11-20,0,8,1,Rise of the Entrepreneur: The Search for a Better Way
15389,Metropolitan,en,Comedy,225000,0,1.014966,1990-08-03,98,7,38,Metropolitan
464,Så som i himmelen,sv,Romance,0,0,4.321249,2004-09-03,132,6.9,42,As It Is in Heaven
308467,Roadside,en,Horror,0,0,0.160234,2013-03-01,90,4.2,5,Roadside
8193,Napoleon Dynamite,en,Comedy,400000,46118097,23.603514,2004-06-11,95,6.7,554,Napoleon Dynamite
188166,Blue Ruin,en,Crime,0,258384,25.349758,2014-04-25,90,6.9,462,Blue Ruin
23827,Paranormal Activity,en,Horror,15000,193355800,47.456823,2007-09-14,86,5.9,1316,Paranormal Activity
1282,Dogtown and Z-Boys,en,Documentary,0,0,3.291609,2001-01-18,91,7.2,52,Dogtown and Z-Boys
762,Monty Python and the Holy Grail,en,Adventure,400000,5028948,64.782984,1975-03-13,91,7.8,1708,Monty Python and the Holy Grail
64499,Quinceañera,it,Drama,0,0,0.034135,2006-06-05,90,7,7,Quinceañera
281189,Gory Gory Hallelujah,en,NA,0,0,0.033883,2003-11-05,0,1,1,Gory Gory Hallelujah
1435,Tarnation,en,Documentary,218,1162014,1.063439,2003-10-19,91,7.5,22,Tarnation
47546,I Want Your Money,en,Documentary,0,0,0.084344,2010-07-06,92,3.8,5,I Want Your Money
189711,Love in the Time of Monsters,en,Horror,0,0,0.133619,2014-03-08,0,5,2,Love in the Time of Monsters
19204,...E tu vivrai nel terrore! L'aldilà,it,Horror,0,0,8.022122,1981-04-22,87,6.6,117,The Beyond
9029,What Happens in Vegas,da,Comedy,35000000,170000000,38.100488,2008-05-07,99,5.8,923,What Happens in Vegas
18045,The Dark Hours,en,Horror,500000,0,1.428483,2005-03-11,80,5.5,22,The Dark Hours
11240,My Beautiful Laundrette,en,Romance,860000,2451545,3.703005,1985-09-07,97,6.6,51,My Beautiful Laundrette
43743,Fabled,en,Drama,0,0,0.003352,2002-01-01,84,0,0,Fabled
157909,Show Me,en,Drama,0,0,0.231297,2004-09-23,97,5.6,4,Show Me
10238,Viskningar och rop,sv,Drama,0,0,11.347855,1972-12-21,91,7.8,115,Cries and Whispers
3059,Intolerance,en,Drama,385907,8394751,3.232447,1916-09-04,197,7.4,60,Intolerance
15800,Trekkies,en,Documentary,0,0,2.77754,1997-10-18,86,6.3,22,Trekkies
65203,The Broadway Melody,en,Drama,379000,4358000,0.968865,1929-02-08,100,5,19,The Broadway Melody
764,The Evil Dead,en,Horror,350000,29400000,35.037625,1981-10-15,85,7.3,894,The Evil Dead
103620,Maniac,en,Horror,6000000,31081,19.331884,2012-12-26,89,6,316,Maniac
319069,Censored Voices,en,History,0,0,0.59458,2015-01-24,84,5.1,8,Censored Voices
14278,Murderball,en,Documentary,300000,1750211,1.085909,2005-07-22,88,6.9,23,Murderball
25678,American Ninja 2: The Confrontation,en,Action,0,0,5.061107,1987-05-01,90,4.9,49,American Ninja 2: The Confrontation
79161,51 Birch Street,en,Documentary,0,0,0.049921,2006-10-18,90,6.8,6,51 Birch Street
371690,Rotor DR1,en,Science Fiction,350000,0,0.249561,2015-10-20,98,4.7,3,Rotor DR1
389,12 Angry Men,en,Drama,350000,1000000,59.259204,1957-03-25,96,8.2,2078,12 Angry Men
52032,My Dog Tulip,en,Animation,0,246574,1.170257,2009-01-01,83,7.6,9,My Dog Tulip
3078,It Happened One Night,en,Comedy,325000,4500000,11.871424,1934-02-22,105,7.7,275,It Happened One Night
38810,Κυνόδοντας,el,Drama,0,110197,28.858238,2009-06-01,94,6.9,332,Dogtooth
21525,Tupac: Resurrection,en,Music,300000,7808524,1.314576,2003-01-23,112,8,26,Tupac: Resurrection
55123,Tumbleweeds,en,Comedy,312000,1281176,1.505703,1999-11-28,102,6.2,11,Tumbleweeds
11980,The Prophecy,en,Fantasy,8,16,11.818333,1995-09-01,98,6.4,138,The Prophecy
11956,Chacun Cherche Son Chat,fr,Comedy,0,0,1.410387,1996-04-03,91,6.1,16,When the Cat's Away
1550,Pieces of April,en,Comedy,300000,0,4.270596,2003-01-19,81,6.4,64,Pieces of April
162396,The Big Swap,en,NA,0,0,0.627763,1998-06-11,0,0,0,The Big Swap
26518,Old Joy,en,Drama,300000,0,1.673208,2006-01-01,73,6.3,36,Old Joy
8942,Wendy and Lucy,en,Drama,200000,0,0.713906,2008-05-22,80,6.4,64,Wendy and Lucy
68412,3 Backyards,en,Drama,0,0,0.17817,2010-01-01,88,4.8,4,3 Backyards
2786,Pierrot le fou,fr,Drama,300000,0,7.791898,1965-08-29,110,7.6,127,Pierrot le Fou
87943,Sisters in Law,en,Documentary,0,0,0.025211,2005-09-03,104,7.3,2,Sisters in Law
73981,Ayurveda: Art of Being,en,Documentary,300000,2074000,0.055868,2001-09-20,101,5.5,3,Ayurveda: Art of Being
91721,Nothing But a Man,en,Drama,0,0,0.008453,1964-01-01,95,7,2,Nothing But a Man
118452,"First Love, Last Rites",en,Drama,300000,40542,0.374291,1998-08-07,94,3,1,"First Love, Last Rites"
47534,Fighting Tommy Riley,en,Action,0,0,0.045429,2005-05-06,0,5.3,4,Fighting Tommy Riley
40914,Royal Kill,en,Action,0,0,1.088501,2009-04-10,90,2.8,6,Royal Kill
365052,The Looking Glass,en,NA,0,0,0.062979,2015-10-23,110,7,1,The Looking Glass
13282,Death Race 2000,en,Action,300000,8000000,6.473667,1975-04-27,80,5.9,124,Death Race 2000
250184,Locker 13,en,Horror,0,0,1.905197,2014-03-29,90,6.8,3,Locker 13
426067,Midnight Cabaret,en,Horror,0,0,0.001389,1990-01-01,94,0,0,Midnight Cabaret
324352,Anderson's Cross,en,Romance,300000,0,0.006323,2010-05-20,98,0,0,Anderson's Cross
318040,Bizarre,en,Drama,0,0,0.583446,2015-02-07,99,6.2,11,Bizarre
27420,Graduation Day,en,Horror,0,0,1.452199,1981-05-01,96,5,22,Graduation Day
80468,Some Guy Who Kills People,en,Comedy,300000,0,2.733725,2011-04-14,97,5.7,45,Some Guy Who Kills People
84188,Compliance,en,Drama,0,319285,8.942203,2012-08-23,90,6.3,221,Compliance
2255,Chasing Amy,en,Comedy,250000,12021272,20.601483,1997-04-04,113,6.7,433,Chasing Amy
50035,Lovely & Amazing,en,Comedy,250000,4186931,1.45917,2001-08-31,91,6.3,23,Lovely & Amazing
300327,Death Calls,en,NA,0,0,0.005883,2010-09-01,0,0,0,Death Calls
14290,Better Luck Tomorrow,en,Crime,0,0,3.877036,2002-01-12,101,6.5,27,Better Luck Tomorrow
29371,The Incredibly True Adventure of Two Girls In Love,en,Comedy,0,0,1.70819,1995-06-16,94,5.7,13,The Incredibly True Adventure of Two Girls In Love
44490,Chuck & Buck,en,Comedy,0,0,0.812855,2000-01-21,96,5.7,16,Chuck & Buck
32222,American Desi,en,Drama,250000,0,0.126304,2001-01-01,100,5,4,American Desi
378237,Amidst the Devil's Wings,en,Drama,300000,0,0.018087,2014-12-01,90,0,0,Amidst the Devil's Wings
431,Cube,en,Thriller,250000,501818,44.656151,1997-09-09,90,6.9,1069,Cube
76996,Love and Other Catastrophes,it,Comedy,0,0,0.619348,1996-08-01,78,5.8,9,Love and Other Catastrophes
51942,I Married a Strange Person!,en,Drama,250,203,0.293649,1998-08-28,72,7.5,12,I Married a Strange Person!
1424,November,en,Drama,0,0,5.742359,2004-07-22,73,4.9,11,November
60420,Like Crazy,en,Drama,250000,3542353,21.825564,2011-10-28,90,6.4,381,Like Crazy
325123,Teeth and Blood,en,Horror,0,0,0.055325,2015-03-10,96,3,1,Teeth and Blood
142132,Sugar Town,en,Comedy,0,0,0.375423,1999-09-17,92,5.5,2,Sugar Town
20520,The Motel,en,Drama,0,0,0.120505,2005-01-01,75,7,3,The Motel
109729,The Canyons,en,Thriller,250000,56825,6.978907,2013-07-29,99,4.1,75,The Canyons
78307,On the Outs,en,Drama,0,0,0.493223,2004-09-11,86,5.9,6,On the Outs
12247,Shotgun Stories,en,Drama,0,0,5.251143,2007-10-01,92,6.9,57,Shotgun Stories
29917,Exam,en,Thriller,0,0,20.265518,2009-06-19,101,6.6,523,Exam
70687,The Sticky Fingers of Time,en,Science Fiction,250000,0,0.130169,1997-06-06,90,4.8,3,The Sticky Fingers of Time
60463,Sunday School Musical,en,Music,0,0,0.46049,2008-10-21,93,5.5,4,Sunday School Musical
46252,Rust,en,Drama,0,0,0.399491,2010-10-07,94,0,0,Rust
24869,Ink,en,Action,250000,0,5.217002,2009-01-23,106,6.4,101,Ink
77934,The Christmas Bunny,en,Drama,250000,0,0.065103,2010-11-28,96,5.7,7,The Christmas Bunny
34697,Butterfly,en,Crime,0,0,1.063615,1982-02-05,107,5,12,Butterfly
320435,UnDivided,en,NA,0,0,0.010607,2013-02-01,0,0,0,UnDivided
150211,The Frozen,en,Horror,0,0,1.084387,2012-10-10,0,4.2,14,The Frozen
306667,Horse Camp,en,Family,0,0,0.172299,2015-01-10,108,5.5,2,Horse Camp
274758,Give Me Shelter,en,Documentary,0,0,0.278981,2014-06-24,90,0,0,Give Me Shelter
3060,The Big Parade,en,Drama,245000,22000000,0.785744,1925-11-05,151,7,21,The Big Parade
40963,Little Big Top,en,Comedy,0,0,0.0921,2006-01-01,0,10,1,Little Big Top
173224,Along the Roadside,en,Romance,250,0,0.166655,2013-02-28,118,7.7,3,Along the Roadside
18533,Bronson,en,Drama,230000,2260712,18.450613,2008-10-09,92,6.9,733,Bronson
376010,Western Religion,en,Western,0,0,0.58954,2015-10-09,106,0,0,Western Religion
139948,Burn,en,Foreign,225000,111300,0.126676,2012-11-01,86,6.9,6,Burn
77332,Urbania,en,Romance,0,0,0.065155,2000-01-24,103,5.2,10,Urbania
70478,The Stewardesses,en,Comedy,100000,27000000,1.183892,1969-07-25,69,4.3,5,The Stewardesses
35073,"The Beast from 20,000 Fathoms",en,Adventure,210000,5000000,2.043661,1953-06-13,80,6.7,41,"The Beast from 20,000 Fathoms"
9659,Mad Max,en,Adventure,400000,100000000,33.142185,1979-04-12,93,6.6,1213,Mad Max
10218,Swingers,en,Comedy,200000,4505922,13.971674,1996-10-18,94,6.8,253,Swingers
391,Per un pugno di dollari,it,Western,200000,14500000,38.771062,1964-09-12,99,7.6,883,A Fistful of Dollars
43595,She Done Him Wrong,en,Comedy,200000,2200000,0.622752,1933-02-09,66,5.1,27,She Done Him Wrong
194588,Short Cut to Nirvana: Kumbh Mela,en,NA,0,0,0.004998,2004-05-11,85,0,0,Short Cut to Nirvana: Kumbh Mela
54897,The Grace Card,en,Drama,200000,2295733,0.616283,2011-02-25,101,6.5,10,The Grace Card
83588,Middle of Nowhere,en,Drama,0,0,2.836537,2012-10-12,101,6.6,7,Middle of Nowhere
53256,Drei,de,Romance,0,2611555,5.937602,2010-12-23,119,6.3,31,Three
40920,The Business of Fancydancing,en,Music,200000,0,0.06104,2002-01-14,103,8,2,The Business of Fancydancing
287815,Call + Response,en,Documentary,0,0,0.062089,2008-10-10,86,8,1,Call + Response
54702,Malevolence,en,Crime,450000,0,1.077321,2004-09-10,90,4.9,14,Malevolence
176074,Reality Show,en,NA,0,0,0.472123,2015-01-01,92,5.5,2,Reality Show
69270,Super Hybrid,en,Horror,13000000,0,4.009379,2010-01-01,95,4.6,24,Super Hybrid
5759,Baghead,en,Drama,0,0,3.299345,2008-01-21,84,5.8,23,Baghead
402515,Solitude,pt,Horror,0,0,0.018716,2014-10-21,89,0,0,American Beast
126141,Chats perchés,en,Documentary,0,0,0.092562,2004-12-05,59,7.7,3,The Case of the Grinning Cat
48035,Ordet,da,Drama,0,0,3.225189,1955-01-09,126,7.8,65,Ordet
14758,Good Dick,en,Comedy,0,0,1.948435,2008-10-03,86,6.1,34,Good Dick
13363,The Man from Earth,en,Science Fiction,0,0,31.339015,2007-06-10,87,7.7,687,The Man from Earth
37985,The Trials Of Darryl Hunt,en,Documentary,0,0,0.15066,2007-06-15,106,6.8,4,The Trials Of Darryl Hunt
25786,Samantha: An American Girl Holiday,en,Drama,0,0,4.980585,2004-11-23,86,4.6,9,Samantha: An American Girl Holiday
36549,Yesterday Was a Lie,en,Drama,0,0,0.145014,2008-01-01,89,6,4,Yesterday Was a Lie
361398,Theresa Is a Mother,en,Music,0,0,0.036532,2015-09-25,105,0,0,Theresa Is a Mother
289180,H.,en,Thriller,0,0,1.045623,2014-08-28,93,6.5,4,H.
288927,Archaeology of a Woman,en,Drama,0,0,0.254659,2014-09-12,94,0,0,Archaeology of a Woman
21334,بچه‌های آسمان,fa,Drama,180000,900000,7.072118,1997-08-01,89,7.8,112,Children of Heaven
79120,Weekend,en,Drama,8000,469947,1.041254,2011-09-22,96,7.4,163,Weekend
27995,She's Gotta Have It,en,Comedy,0,0,6.722213,1986-08-08,84,6.1,25,She's Gotta Have It
253290,Butterfly Girl,en,Documentary,0,0,0.015189,2014-03-10,77,0,0,Butterfly Girl
344466,Lumea e a mea,ro,Drama,0,0,0.327622,2015-06-05,104,0,0,The World Is Mine
55420,Another Earth,en,Drama,100000,1776935,25.402697,2011-07-22,92,6.8,527,Another Earth
5822,Sweet Sweetback's Baadasssss Song,en,Action,150000,15200000,0.132878,1971-04-23,97,4.6,18,Sweet Sweetback's Baadasssss Song
408429,Perfect Cowboy,en,Drama,200,0,0.050978,2014-07-13,109,5,1,Perfect Cowboy
39141,Tadpole,en,Comedy,150000,2891288,8.570328,2002-11-01,78,5.5,19,Tadpole
5723,Once,en,Drama,160000,20710513,19.052179,2007-03-23,85,7.3,453,Once
28666,The Woman Chaser,en,Drama,0,0,0.619979,1999-10-08,90,4.9,4,The Woman Chaser
30979,The Horse Boy,en,Documentary,0,0,0.465404,2009-11-25,93,5.5,2,The Horse Boy
50497,When the Lights Went Out,en,Thriller,0,0,2.805351,2012-01-31,86,5.8,49,When the Lights Went Out
354624,Heroes of Dirt,en,Action,0,0,0.076647,2015-09-04,98,0,0,Heroes of Dirt
13187,A Charlie Brown Christmas,en,Animation,0,0,8.701183,1965-12-09,25,7.5,153,A Charlie Brown Christmas
335244,Antarctic Edge: 70° South,en,Documentary,0,0,0.021392,2015-04-17,72,0,0,Antarctic Edge: 70° South
178862,Aroused,en,Documentary,0,0,2.557258,2013-02-20,73,7.2,11,Aroused
331745,Top Spin,en,Documentary,0,0,0.523122,2014-11-15,80,6.8,6,Top Spin
1779,Roger & Me,en,Documentary,160000,6706368,3.284903,1989-09-01,91,7.4,90,Roger & Me
282128,An American in Hollywood,en,NA,0,0,0.015697,2014-07-18,89,0,0,An American in Hollywood
86812,Sound of My Voice,en,Science Fiction,0,0,6.192383,2011-01-22,85,6.3,108,Sound of My Voice
38786,The Blood of My Brother: A Story of Death in Iraq,en,NA,0,0,0.005256,2005-11-25,90,0,0,The Blood of My Brother: A Story of Death in Iraq
84355,Your Sister's Sister,en,Drama,125000,3200000,12.833247,2011-09-11,90,6.5,137,Your Sister's Sister
18632,A Dog's Breakfast,en,Comedy,120000,0,2.213889,2007-03-03,88,5.9,24,A Dog's Breakfast
40652,Une femme mariée: Suite de fragments d'un film tourné en 1964,fr,Drama,120000,0,1.112792,1964-12-04,95,7.1,20,The Married Woman
339408,The Birth of a Nation,en,Drama,8500000,15861566,9.452808,2016-09-09,120,6.5,178,The Birth of a Nation
266857,The Work and The Story,en,Comedy,0,0,0.002388,2003-01-01,70,0,0,The Work and The Story
18925,Facing the Giants,en,Drama,100000,10178331,4.563698,2006-09-29,111,6.6,64,Facing the Giants
299245,The Gallows,en,Horror,100000,42664410,18.045782,2015-07-10,87,4.9,361,The Gallows
985,Eraserhead,en,Drama,10000,7000000,20.399578,1977-03-19,89,7.5,485,Eraserhead
34101,Hollywood Shuffle,en,Comedy,0,0,2.353483,1987-03-20,78,5.7,19,Hollywood Shuffle
9821,The Mighty,en,Comedy,0,0,5.497682,1998-10-23,100,7.1,51,The Mighty
65448,Penitentiary,en,Action,0,0,0.001117,1979-12-01,99,4.9,8,Penitentiary
18841,The Lost Skeleton of Cadavra,en,Comedy,0,0,1.680525,2001-09-12,90,6.5,30,The Lost Skeleton of Cadavra
272726,Dude Where's My Dog?,en,Family,0,0,0.28397,2014-06-12,0,0,0,Dude Where's My Dog?
175291,Cheap Thrills,en,Drama,0,0,10.826253,2013-03-08,85,6.3,155,Cheap Thrills
80215,Indie Game: The Movie,en,Documentary,0,0,7.676677,2012-05-18,96,7.4,203,Indie Game: The Movie
13538,Straightheads,en,Thriller,0,0,8.302951,2007-04-27,88,5.2,40,Straightheads
51130,Open Secret,en,Crime,0,0,0.186401,1948-02-14,68,7,2,Open Secret
270554,Echo Dr.,en,Thriller,0,0,0.053755,2013-11-08,85,5,1,Echo Dr.
72086,The Night Visitor,en,Crime,0,0,0.074005,1971-01-01,106,7.3,6,The Night Visitor
268917,The Past Is a Grotesque Animal,en,Documentary,100,0,0.394575,2014-06-15,77,5.5,2,The Past Is a Grotesque Animal
64973,"Peace, Propaganda & the Promised Land",en,Documentary,0,0,0.020168,2005-01-28,80,6.4,4,"Peace, Propaganda & the Promised Land"
473,Pi,en,Mystery,60000,3221152,27.788067,1998-07-10,84,7.1,586,Pi
90414,"I Love You, Don't Touch Me!",fr,Comedy,0,0,0.020839,1997-01-21,86,6,1,"I Love You, Don't Touch Me!"
111794,20 Dates,en,Romance,0,0,0.408073,1998-01-01,87,3.7,3,20 Dates
360188,Queen Crab,en,Science Fiction,75000,0,0.140989,2015-09-29,90,3.3,3,Queen Crab
9372,Super Size Me,en,Documentary,65000,28575078,10.400603,2004-01-17,100,6.6,506,Super Size Me
85860,The FP,en,Comedy,0,0,0.838957,2011-03-13,82,4.5,11,The FP
244534,Happy Christmas,en,Comedy,0,0,7.052422,2014-06-26,82,5.2,58,Happy Christmas
33468,The Brain That Wouldn't Die,en,Horror,62000,0,2.407048,1962-02-25,82,4.4,32,The Brain That Wouldn't Die
294086,Tiger Orange,en,Drama,0,0,0.176377,2014-07-26,75,6.4,4,Tiger Orange
139998,Supporting Characters,en,Drama,0,0,0.620554,2012-01-23,87,6.7,10,Supporting Characters
74777,Absentia,en,Mystery,70000,0,6.328665,2011-03-03,92,5.8,121,Absentia
16388,The Brothers McMullen,en,Comedy,0,0,1.578903,1995-08-09,98,6.3,23,The Brothers McMullen
159770,The Dirties,en,Drama,0,0,0.833937,2013-10-04,83,6,42,The Dirties
42109,"Gabriela, Cravo e Canela",pt,Drama,0,0,0.557602,1983-03-24,99,6,2,Gabriela
47607,Tiny Furniture,en,Romance,65000,416498,2.380332,2010-11-12,99,5.6,59,Tiny Furniture
193603,Hayride,en,Thriller,60000,0,0.412342,2012-10-13,93,5.1,6,Hayride
84659,The Naked Ape,en,Drama,0,0,0.077577,2006-09-16,110,5,1,The Naked Ape
322745,Counting,en,Documentary,50000,0,0.293587,2015-02-09,111,8.3,3,Counting
20981,The Call of Cthulhu,en,Horror,50000,0,1.777148,2005-01-01,47,6.9,41,The Call of Cthulhu
174362,Bending Steel,en,Documentary,0,0,0.048726,2013-04-20,93,5,1,Bending Steel
242095,The Signal,en,Thriller,4000000,600896,27.662696,2014-03-15,95,5.8,631,The Signal
250902,The Image Revolution,en,Documentary,50000,0,0.54562,2013-11-21,81,5.7,3,The Image Revolution
158895,This Is Martin Bonner,en,Drama,0,0,0.76368,2013-06-28,83,6.6,4,This Is Martin Bonner
222250,A True Story,en,Comedy,0,0,0.970351,2013-09-20,96,6.8,2,A True Story
18292,George Washington,en,Drama,0,0,2.058834,2000-10-01,89,6.4,36,George Washington
125537,Smiling Fish & Goat On Fire,en,Comedy,0,0,0.00734,1999-09-16,90,7,1,Smiling Fish & Goat On Fire
326576,Dawn of the Crescent Moon,en,Thriller,0,0,0.049469,2014-04-05,95,2,1,Dawn of the Crescent Moon
228550,Raymond Did It,en,Horror,0,0,0.160779,2011-03-27,83,3.2,8,Raymond Did It
13963,The Last Waltz,en,Documentary,0,321952,3.277287,1978-05-01,117,7.9,64,The Last Waltz
290391,"Run, Hide, Die",en,Thriller,50000,0,0.595809,2015-09-01,75,3.5,2,"Run, Hide, Die"
44770,The Exploding Girl,en,Drama,0,0,0.611081,2009-04-22,80,6.4,15,The Exploding Girl
69382,The Legend of God's Gun,en,Action,0,0,0.003582,2007-07-08,78,0,0,The Legend of God's Gun
40769,Mutual Appreciation,en,Drama,500000,0,0.123068,2005-03-01,109,6.1,8,Mutual Appreciation
220490,Her Cry: La Llorona Investigation,en,Horror,0,0,0.056459,2013-04-19,89,0,0,Her Cry: La Llorona Investigation
42151,Down Terrace,en,Drama,31192,10000,1.330379,2009-09-01,89,6.3,26,Down Terrace
2292,Clerks,en,Comedy,27000,3151130,19.748658,1994-09-13,92,7.4,755,Clerks
42497,Pink Narcissus,en,Drama,27000,0,0.027811,1971-01-01,64,6,9,Pink Narcissus
33693,Funny Ha Ha,en,Drama,0,76901,0.362633,2002-09-20,85,6.3,8,Funny Ha Ha
14585,In the Company of Men,en,Comedy,0,0,2.634007,1997-01-19,97,6.8,44,In the Company of Men
185465,Manito,en,Drama,0,0,0.039264,2002-01-15,78,5.5,2,Manito
38780,Rampage,en,Action,0,0,7.101197,2009-08-14,85,6,131,Rampage
14022,Slacker,en,Comedy,0,0,3.320622,1990-07-27,97,6.4,77,Slacker
366967,Dutch Kills,en,Thriller,0,0,0.038143,2015-10-02,90,0,0,Dutch Kills
255266,Dry Spell,en,Comedy,22000,0,0.048948,2013-02-14,90,6,1,Dry Spell
17345,Flywheel,en,Drama,0,0,1.048524,2003-01-01,120,6.8,19,Flywheel
226458,Backmask,en,Thriller,0,0,3.619167,2015-01-16,91,4.7,79,Backmask
24055,The Puffy Chair,en,Drama,0,0,1.243955,2005-01-17,85,6.2,15,The Puffy Chair
287625,Stories of Our Lives,en,Drama,0,0,0.327794,2014-09-05,60,0,0,Stories of Our Lives
44990,Breaking Upwards,en,Comedy,0,0,0.67457,2009-03-14,88,5.6,12,Breaking Upwards
86304,All Superheroes Must Die,en,Science Fiction,0,0,3.545991,2011-10-26,78,4.2,13,All Superheroes Must Die
692,Pink Flamingos,en,Horror,12000,6000000,4.553644,1972-03-12,93,6.2,110,Pink Flamingos
39851,Clean,en,Drama,0,0,1.464566,2004-09-01,111,6.7,17,Clean
13898,دایره,fa,Drama,0,0,1.193779,2000-09-08,90,6.6,17,The Circle
157185,Tin Can Man,en,Horror,13,0,0.332679,2007-01-01,84,2,1,Tin Can Man
36095,キュア,ja,Crime,20000,99000,0.212443,1997-11-06,111,7.4,63,Cure
182291,On The Downlow,en,Drama,0,0,0.029757,2004-04-11,90,6,2,On The Downlow
286939,Sanctuary: Quite a Conundrum,en,Thriller,0,0,0.166513,2012-01-20,82,0,0,Sanctuary: Quite a Conundrum
124606,Bang,en,Drama,0,0,0.918116,1995-09-09,98,6,1,Bang
14337,Primer,en,Science Fiction,7000,424760,23.307949,2004-10-08,77,6.9,658,Primer
67238,Cavite,en,Foreign,0,0,0.022172999999999998,2005-03-12,80,7.5,2,Cavite
9367,El Mariachi,es,Action,220000,2040920,14.269792,1992-09-04,81,6.6,238,El Mariachi
72766,Newlyweds,en,Comedy,9000,0,0.642552,2011-12-26,85,5.9,5,Newlyweds
231617,"Signed, Sealed, Delivered",en,Comedy,0,0,1.444476,2013-10-13,120,7,6,"Signed, Sealed, Delivered"
126186,Shanghai Calling,en,NA,0,0,0.857008,2012-05-03,98,5.7,7,Shanghai Calling
25975,My Date with Drew,en,Documentary,0,0,1.929883,2005-08-05,90,6.3,16,My Date with Drew
