id,original_title,original_language,genre,budget,revenue,popularity,release_date,runtime,vote_average,vote_count,title
280092,Insidious: Chapter 3,en,Drama,10000000,104303851,45.946524,2015-06-04,97,6.2,983,Insidious: Chapter 3
13938,The Last Dragon,en,Action,10000000,25754284,4.928777,1985-03-22,108,6.4,69,The Last Dragon
10163,The Lawnmower Man,en,Horror,10000000,32101000,10.125029,1992-03-05,108,5.4,197,The Lawnmower Man
12182,Nick and Norah's Infinite Playlist,en,Comedy,9000000,32973937,20.452449,2008-10-03,89,6.4,379,Nick and Norah's Infinite Playlist
1832,Dogma,en,Fantasy,10000000,30652890,14.543435,1999-11-12,130,6.8,823,Dogma
9034,The Banger Sisters,en,Comedy,10000000,0,6.015354,2002-09-20,98,5.5,62,The Banger Sisters
15301,Twilight Zone: The Movie,en,Drama,10000000,29450919,12.902975,1983-06-24,101,6.2,161,Twilight Zone: The Movie
10135,Road House,en,Action,15000000,30050028,6.216203,1989-05-19,114,6.3,252,Road House
26352,A Low Down Dirty Shame,en,Action,10000000,29392418,3.290639,1994-11-23,100,6,31,A Low Down Dirty Shame
20616,Swimfan,en,Drama,8500000,34411240,4.844451,2002-09-06,84,5,70,Swimfan
9794,Employee of the Month,en,Comedy,12000000,38368909,9.559737,2006-10-06,103,5.3,153,Employee of the Month
15037,Can't Hardly Wait,en,Comedy,10000000,25605015,11.350382,1998-06-12,100,6.1,122,Can't Hardly Wait
227,The Outsiders,en,Crime,10000000,33697647,13.455373,1983-03-25,91,6.9,291,The Outsiders
294272,Pete's Dragon,en,Adventure,65000000,143695338,31.974359,2016-08-10,102,6.2,679,Pete's Dragon
11336,The Dead Zone,en,Horror,10000000,20766616,16.78512,1983-10-21,103,6.9,311,The Dead Zone
283445,Sinister 2,en,Horror,10000000,52882018,26.090495,2015-08-19,97,5.4,581,Sinister 2
88036,Sparkle,en,Drama,14000000,24637469,2.698185,2012-08-17,116,5.8,36,Sparkle
10984,Valentine,en,Horror,0,0,5.904126,2001-02-01,96,5,114,Valentine
22824,The Fourth Kind,en,Mystery,10000000,42333295,22.888173,2009-11-06,98,5.8,441,The Fourth Kind
9526,A Prairie Home Companion,en,Drama,10000000,0,5.025446,2006-06-09,105,6.4,81,A Prairie Home Companion
39349,Sugar Hill,en,Drama,0,0,2.580808,1994-02-25,123,5.2,13,Sugar Hill
15983,Invasion U.S.A.,en,Action,0,0,4.192064,1985-09-27,107,5.3,49,Invasion U.S.A.
14544,Roll Bounce,en,Comedy,0,0,2.596338,2005-09-23,112,6.1,27,Roll Bounce
11545,Rushmore,en,Comedy,9000000,17096053,18.289303,1998-09-17,93,7.5,676,Rushmore
42684,Skyline,en,Science Fiction,10000000,66821036,26.268209,2010-11-11,100,4.7,507,Skyline
268238,The Second Best Exotic Marigold Hotel,en,Drama,10000000,85978266,17.592299,2015-02-26,122,6.3,272,The Second Best Exotic Marigold Hotel
8359,Kit Kittredge: An American Girl,en,Comedy,0,0,6.27141,2008-07-02,101,6.4,34,Kit Kittredge: An American Girl
15648,The Perfect Man,en,Comedy,0,0,11.158906,2005-06-17,100,5.5,203,The Perfect Man
41823,Mo' Better Blues,en,Drama,10000000,16153593,3.079862,1990-08-03,129,6.3,47,Mo' Better Blues
11891,Kung Pow: Enter the Fist,en,Action,0,0,8.288813,2002-01-25,81,6.1,159,Kung Pow: Enter the Fist
9362,Tremors,en,Action,11000000,48572000,32.579697,1990-01-19,96,6.6,864,Tremors
9902,Wrong Turn,en,Horror,12600000,28650575,33.555764,2003-05-30,84,6,635,Wrong Turn
14729,The Long Riders,en,Western,10000000,15795189,2.959547,1980-05-12,99,6.6,50,The Long Riders
9455,The Corruptor,en,Action,25000000,15156200,4.068107,1999-03-12,110,6,57,The Corruptor
103731,Mud,en,Drama,10000000,21587700,17.663353,2013-05-01,130,7,1068,Mud
10090,Reno 911!: Miami,en,Action,10000000,20342161,4.207456,2007-02-23,84,5.6,72,Reno 911!: Miami
164558,One Direction: This Is Us,en,Documentary,10000000,0,7.944457,2013-08-28,92,8,201,One Direction: This Is Us
19905,"The Goods: Live Hard, Sell Hard",en,Comedy,10000000,0,3.352702,2009-08-14,90,5.4,58,"The Goods: Live Hard, Sell Hard"
17710,Hey Arnold! The Movie,en,Animation,0,0,5.856363,2002-06-28,76,5.6,62,Hey Arnold! The Movie
75900,My Week with Marilyn,en,Drama,6400000,35057696,21.006078,2011-10-17,99,6.6,406,My Week with Marilyn
9515,The Matador,en,Action,10000000,17297244,5.647538,2005-05-12,96,6.2,136,The Matador
27322,Love Jones,en,Comedy,10000000,0,1.000178,1997-03-14,104,8.1,12,Love Jones
328425,The Gift,en,Thriller,5000000,58978653,27.247013,2015-07-30,108,6.7,1049,The Gift
14120,End of the Spear,en,Adventure,0,0,1.83428,2005-12-02,108,6.1,15,End of the Spear
10050,Get Over It,en,Comedy,10000000,0,11.592129,2001-03-08,87,5.5,75,Get Over It
1542,Office Space,en,Comedy,10000000,12827813,18.366362,1999-02-19,89,7.4,1050,Office Space
10490,Drop Dead Gorgeous,en,Comedy,10000000,10571408,6.736274,1999-07-23,98,6.4,86,Drop Dead Gorgeous
87093,Big Eyes,en,Drama,10000000,28883511,28.570174,2014-12-24,105,6.8,1196,Big Eyes
10029,Very Bad Things,en,Comedy,30000000,9898412,5.671691,1998-09-11,100,6.2,179,Very Bad Things
9893,Sleepover,en,Comedy,0,0,5.842299,2004-07-09,89,5.3,101,Sleepover
11507,Body Double,en,Crime,10000000,8801940,9.525626,1984-10-25,114,6.4,137,Body Double
37931,MacGruber,en,Action,10000000,6110000,14.038512,2010-05-21,90,5.1,179,MacGruber
3472,Dirty Pretty Things,en,Crime,0,0,9.177896,2002-09-05,97,6.8,131,Dirty Pretty Things
87818,Movie 43,en,Comedy,6000000,32438988,35.350303,2013-01-01,90,4.4,797,Movie 43
13160,Over Her Dead Body,en,Comedy,10000000,0,12.067921,2008-02-01,95,5.3,145,Over Her Dead Body
88005,Seeking a Friend for the End of the World,en,Comedy,10000000,9636289,30.863082,2012-06-22,101,6.3,700,Seeking a Friend for the End of the World
52067,Cedar Rapids,en,Comedy,0,6861102,10.254807,2011-02-11,87,5.9,135,Cedar Rapids
73,American History X,en,Drama,20000000,23875127,73.567232,1998-10-30,119,8.2,3016,American History X
134597,The Collection,en,Horror,0,6842058,16.361743,2012-09-21,94,5.9,289,The Collection
24034,Teacher's Pet,en,Animation,10000000,0,1.374409,2004-01-16,74,5.5,2,Teacher's Pet
14283,The Red Violin,en,Drama,18000000,9495408,6.18869,1998-09-10,131,7.3,99,The Red Violin
404,The Straight Story,en,Drama,10000000,0,15.280261,1999-10-15,112,7.7,306,The Straight Story
13201,Deuces Wild,en,Action,0,0,0.753481,2002-05-03,96,5.5,34,Deuces Wild
209403,Bad Words,en,Comedy,9500000,7800000,14.105392,2013-09-06,88,6.4,334,Bad Words
7942,Run Fatboy Run,en,Comedy,10000000,33000000,14.905357,2007-09-06,100,6.2,238,"Run, Fatboy, Run"
73247,Heartbeeps,en,Comedy,10000000,2154696,0.518056,1981-12-18,79,3.8,6,Heartbeeps
253331,Black or White,en,Drama,9000000,21571189,12.172131,2014-09-06,121,6.5,115,Black or White
34043,On the Line,en,Comedy,0,0,3.084874,2001-10-26,85,4.1,10,On the Line
9952,Rescue Dawn,en,Adventure,10000000,7177143,17.078656,2006-09-09,126,6.9,336,Rescue Dawn
256924,Danny Collins,en,Comedy,10000000,10835752,16.318608,2015-03-19,107,6.6,183,Danny Collins
82532,"Jeff, Who Lives at Home",en,Drama,10000000,4417580,10.409155,2011-09-13,83,6.1,217,"Jeff, Who Lives at Home"
41110,Io sono l'amore,it,Drama,0,0,5.355763,2009-09-05,120,6.9,73,I Am Love
134371,Atlas Shrugged Part II,en,Drama,0,0,4.725357,2012-10-12,112,5.4,41,Atlas Shrugged Part II
2088,Romeo Is Bleeding,en,Action,11500000,3275585,4.850402,1993-09-13,100,5.7,36,Romeo Is Bleeding
10388,The Limey,en,Action,10000000,3193102,8.902102,1999-05-15,89,6.6,105,The Limey
1640,Crash,en,Drama,6500000,98410061,28.223163,2004-01-13,112,7.2,1149,Crash
25520,The House of Mirth,en,Drama,10000000,5164404,3.007816,2000-09-23,140,6.4,25,The House of Mirth
27342,Malone,en,Action,0,0,1.610132,1987-05-01,92,6.8,15,Malone
13689,Peaceful Warrior,en,Drama,0,0,8.326131,2006-03-30,120,7.3,90,Peaceful Warrior
67911,Bucky Larson: Born to Be a Star,en,Comedy,10000000,0,3.919057,2011-09-09,97,4.4,51,Bucky Larson: Born to Be a Star
24664,Bamboozled,en,Comedy,0,0,2.23411,2000-10-06,135,6.3,24,Bamboozled
329440,The Forest,en,Horror,10000000,40055439,19.865989,2016-01-07,95,4.8,448,The Forest
47890,Sphinx,en,Adventure,14000000,439564,0.310513,1981-02-11,118,6,2,Sphinx
252512,While We're Young,en,Comedy,10000000,7587485,19.263477,2015-04-03,97,5.8,383,While We're Young
55720,A Better Life,en,Drama,10000000,1759252,4.123533,2011-06-24,98,7,54,A Better Life
9613,Spider,en,Drama,0,0,6.948401,2002-12-13,98,6.4,168,Spider
29076,Gun Shy,en,Action,10000000,1631839,3.988432,2000-02-04,101,5.4,24,Gun Shy
29339,Nicholas Nickleby,en,Adventure,0,0,5.099923,2002-12-27,132,6.8,49,Nicholas Nickleby
68812,The Iceman,en,Thriller,20000000,1969193,19.494703,2012-09-01,105,6.4,365,The Iceman
32740,कृष,hi,Action,0,0,3.759988,2006-06-23,154,5.5,46,Krrish
14195,Cecil B. Demented,en,Thriller,10000000,0,4.176066,2000-05-17,87,6.2,51,Cecil B. Demented
73567,Killer Joe,en,Crime,10000000,3665069,16.436178,2011-09-10,102,6.5,425,Killer Joe
41479,The Joneses,en,Comedy,10000000,7022728,14.979375,2009-09-13,96,6.1,210,The Joneses
15394,Owning Mahowny,en,Crime,0,0,8.045488,2003-05-02,104,6.8,37,Owning Mahowny
10071,The Brothers Solomon,en,Comedy,0,0,8.312153,2007-09-07,93,4.9,46,The Brothers Solomon
1989,My Blueberry Nights,en,Drama,10000000,21786738,10.733761,2007-05-16,111,6,190,My Blueberry Nights
91076,Illuminata,en,Drama,0,0,0.111313,1998-05-21,119,6.3,7,Illuminata
12779,Swept Away,en,Comedy,10000000,598645,4.570043,2002-10-11,89,4.8,50,Swept Away
13191,"War, Inc.",en,Action,5000000,1296184,6.265659,2008-04-28,106,5.6,86,"War, Inc."
11770,少林足球,cn,Action,0,42776760,17.54768,2001-07-12,113,6.6,491,Shaolin Soccer
12703,The Brown Bunny,en,Drama,10000000,0,3.412162,2004-08-27,93,5.5,62,The Brown Bunny
64559,Rien ne va plus,fr,Comedy,0,0,0.627964,1997-10-15,105,6.4,5,The Swindle
222649,Rosewater,en,Drama,0,0,5.75555,2014-11-07,103,6.5,98,Rosewater
115872,La femme de chambre du Titanic,en,Drama,0,0,1.031142,1997-10-10,100,5.3,3,The Chambermaid on the Titanic
101173,Coriolanus,en,Drama,7700000,1072602,7.554799,2011-02-14,123,5.9,131,Coriolanus
25350,Imaginary Heroes,en,Comedy,10000000,0,2.85283,2004-09-14,111,6.3,29,Imaginary Heroes
10034,High Heels and Low Lifes,en,Action,0,0,1.769593,2001-07-16,86,6.4,12,High Heels and Low Lifes
20178,World's Greatest Dad,en,Comedy,10000000,295750,9.805551,2009-08-20,99,6.5,177,World's Greatest Dad
5072,Severance,en,Horror,0,0,12.898984,2006-05-19,96,6.4,169,Severance
18191,Edmond,en,Drama,10000000,0,2.803642,2005-08-31,82,6,50,Edmond
31007,Welcome to the Rileys,en,Drama,0,42145,6.085879,2010-10-29,110,6.4,139,Welcome to the Rileys
11546,Police Academy: Mission to Moscow,en,Comedy,0,126247,11.946898,1994-06-09,83,4.1,178,Police Academy: Mission to Moscow
41894,Blood Done Sign My Name,en,Drama,0,0,0.397341,2010-02-01,0,6,5,Blood Done Sign My Name
184374,Cinco de Mayo: La Batalla,es,War,10000000,0,0.072085,2013-05-03,125,5.8,14,Cinco de Mayo: La Batalla
268171,Elsa & Fred,en,Comedy,10000000,0,2.849895,2014-03-07,104,6.2,31,Elsa & Fred
78149,"An Alan Smithee Film: Burn, Hollywood, Burn",en,Comedy,10000000,45779,0.666218,1998-02-20,86,3,9,"An Alan Smithee Film: Burn, Hollywood, Burn"
24663,The Open Road,en,Comedy,0,0,1.388136,2009-02-07,90,4.8,19,The Open Road
39037,The Good Guy,en,Comedy,3200000,0,2.631688,2009-04-25,90,5.4,59,The Good Guy
22805,Motherhood,en,Comedy,0,0,10.955567,2009-01-21,90,4.7,44,Motherhood
39055,Free Style,en,Drama,0,140987,0.122874,2008-12-24,94,5.8,4,Free Style
245846,Strangerland,en,Drama,10000000,17472,5.145655,2015-07-01,111,5.1,83,Strangerland
25186,Janky Promoters,en,Comedy,10000000,9069,1.728816,2009-10-16,85,7,5,Janky Promoters
15017,Blonde Ambition,en,Comedy,10000000,0,3.064563,2007-12-21,93,3.9,29,Blonde Ambition
12245,The Oxford Murders,en,Crime,14100000,0,9.318033,2008-01-18,107,5.7,188,The Oxford Murders
49787,The Reef,en,Drama,0,0,7.245108,2010-05-15,94,5.4,130,The Reef
16358,Eulogy,en,Comedy,0,0,9.085482,2004-10-15,91,6.4,34,Eulogy
7006,White Noise 2: The Light,en,Thriller,0,0,6.814247,2007-01-05,99,5.6,80,White Noise 2: The Light
66767,Beat the World,en,Music,10000000,0,2.873796,2011-06-10,91,4.3,16,Beat the World
17622,Fifty Dead Men Walking,en,Action,0,0,4.481897,2008-09-10,117,6.1,35,Fifty Dead Men Walking
283671,Jungle Shuffle,en,Family,0,0,1.413934,2014-08-07,85,6.5,1,Jungle Shuffle
18516,Adam Resurrected,en,Drama,10000000,0,2.574014,2008-08-08,106,6.4,22,Adam Resurrected
217708,Hross í oss,is,Drama,10,11,1.617943,2013-08-30,85,6.9,26,Of Horses and Men
42057,Hai Marjawaan!,en,Comedy,0,0,1.259968,2010-05-07,99,4.3,9,It's a Wonderful Afterlife
17577,The Devil's Tomb,en,Action,10000000,0,5.099472,2009-05-26,90,4,53,The Devil's Tomb
14608,Partition,en,Drama,0,0,2.131524,2007-02-02,116,6.4,6,Partition
34417,Good Intentions,en,Comedy,0,0,0.304566,2010-03-09,85,5,6,Good Intentions
15067,"좋은 놈, 나쁜 놈, 이상한 놈",ko,Action,10000000,0,11.847324,2008-07-16,130,7.1,193,"The Good, The Bad, The Weird"
78383,Nurse 3-D,en,Horror,10,10000000,10.013629,2013-09-28,99,4.9,119,Nurse 3-D
43090,Gunless,en,Drama,10000000,0,3.753703,2010-04-30,89,6.7,27,Gunless
16614,Adventureland,en,Comedy,9500000,17164377,19.978021,2009-04-03,107,6.4,737,Adventureland
9700,The Lost City,en,Drama,9600000,4386236,3.588529,2005-09-03,144,6,24,The Lost City
10471,Next Friday,en,Comedy,11000000,59827328,9.337388,2000-01-12,98,6.4,135,Next Friday
250066,American Heist,en,Action,10000000,0,11.431434,2014-09-11,94,4.3,158,American Heist
667,You Only Live Twice,en,Action,9500000,111584787,28.675891,1967-06-12,117,6.5,531,You Only Live Twice
208869,Plastic,en,Drama,10,0,9.70276,2014-04-30,102,6.1,86,Plastic
86837,Amour,fr,Drama,8900000,19839492,17.151293,2012-07-01,127,7.5,400,Amour
10306,Poltergeist III,en,Horror,10500000,14144000,11.225044,1988-06-10,98,4.5,123,Poltergeist III
106845,Re-Kill,en,Horror,9500000,0,5.346205,2015-10-16,87,4.9,34,Re-Kill
11576,"It's a Mad, Mad, Mad, Mad World",en,Action,9400000,60000000,14.562991,1963-11-07,163,7,140,"It's a Mad, Mad, Mad, Mad World"
219,Volver,es,Comedy,12899867,85582407,19.747809,2006-03-16,121,7.3,406,Volver
11827,Heavy Metal,en,Animation,9300000,0,12.928269,1981-08-07,90,6.2,148,Heavy Metal
22820,Gentlemen Broncos,en,Action,10000000,0,3.193777,2009-09-30,89,6.2,51,Gentlemen Broncos
31174,Richard III,en,Drama,0,0,5.107235,1995-12-29,104,6.9,49,Richard III
244316,Into the Grizzly Maze,en,Action,10000000,0,10.073144,2015-02-27,94,5.1,74,Into the Grizzly Maze
37737,Kites,en,Drama,0,0,4.807549,2010-05-21,131,6,40,Kites
62215,Melancholia,da,Drama,7400000,21817298,36.173598,2011-05-26,136,7,885,Melancholia
66125,Red Dog,en,Drama,0,0,5.499412,2011-08-04,92,7.1,83,Red Dog
132316,Jab Tak Hai Jaan,hi,Drama,0,0,5.900535,2012-11-13,176,7.3,66,Jab Tak Hai Jaan
348,Alien,en,Horror,11000000,104931801,94.184658,1979-05-25,117,7.9,4470,Alien
30497,The Texas Chain Saw Massacre,en,Horror,85000,30859000,29.262427,1974-10-01,83,7.2,590,The Texas Chain Saw Massacre
27586,The Runaways,en,Drama,10000000,2995811,17.611971,2010-03-19,106,6.3,254,The Runaways
14811,Fiddler on the Roof,en,Drama,9000000,83304330,7.623979,1971-11-03,181,7.4,134,Fiddler on the Roof
660,Thunderball,en,Adventure,5500000,141195658,31.036,1965-12-16,130,6.5,562,Thunderball
68684,Detention,en,Horror,10000000,0,10.424596,2011-03-16,93,5.7,129,Detention
40794,Mine vaganti,it,Comedy,7000000,8220215,7.720692,2010-02-12,110,7,118,Loose Cannons
9400,Set It Off,en,Drama,9000000,41590886,6.717994,1996-11-06,118,6.9,66,Set It Off
16162,The Best Man,en,Drama,9000000,34573780,3.951041,1999-10-22,120,6.8,38,The Best Man
10585,Child's Play,en,Horror,9000000,44196684,27.600843,1988-11-08,87,6.3,581,Child's Play
2359,Sicko,en,Documentary,9000000,24538513,14.098952,2007-05-18,123,7.3,235,Sicko
238636,The Purge: Anarchy,en,Horror,9000000,108782847,82.975841,2014-07-17,104,6.6,1954,The Purge: Anarchy
10472,Down to You,en,Comedy,9000000,0,3.269459,2000-01-21,91,4.9,70,Down to You
11282,Harold & Kumar Go to White Castle,en,Comedy,9000000,23936908,18.514292,2004-05-30,88,6.6,693,Harold & Kumar Go to White Castle
6521,The Contender,en,Drama,9000000,0,7.029126,2000-10-13,126,6.7,60,The Contender
14181,Boiler Room,en,Crime,26000000,28780255,11.233081,2000-02-18,118,6.5,201,Boiler Room
1621,Trading Places,en,Comedy,40600000,90400000,34.022209,1983-06-07,116,7.1,738,Trading Places
9656,Black Christmas,en,Horror,9000000,21510851,4.134327,2006-12-25,84,4.8,119,Black Christmas
16428,Breakin' All the Rules,en,Comedy,0,0,6.904734,2004-05-14,85,5.8,21,Breakin' All the Rules
10705,Henry V,en,War,9000000,0,4.641006,1989-10-05,137,7.4,71,Henry V
8272,The Savages,en,Drama,0,0,5.663889,2007-01-19,114,6.8,110,The Savages
24621,Chasing Papi,en,Comedy,0,6126237,1.118511,2003-04-16,80,6.3,16,Chasing Papi
1619,The Way of the Gun,en,Action,8500000,19125401,8.775844,2000-09-08,119,6.4,100,The Way of the Gun
9685,Igby Goes Down,en,Comedy,9000000,4777465,2.062087,2002-09-13,97,6.5,95,Igby Goes Down
14425,PCU,en,Comedy,9000000,4350774,8.738737,1994-04-29,79,6,41,PCU
14624,The Ultimate Gift,en,Romance,0,0,4.976268,2006-10-20,114,6.8,78,The Ultimate Gift
10179,The Ice Pirates,en,Action,9000000,0,3.810697,1984-03-16,91,5.7,49,The Ice Pirates
15568,Gracie,en,Drama,9000000,2955039,2.365328,2007-06-01,97,6,17,Gracie
14057,Trust the Man,en,Comedy,9000000,0,5.2545,2005-09-01,103,5.5,29,Trust the Man
12621,Hamlet 2,en,Comedy,0,0,5.293363,2008-01-21,92,6.1,56,Hamlet 2
1808,Velvet Goldmine,en,Drama,0,1053788,10.932711,1998-10-23,119,6.9,116,Velvet Goldmine
293670,곡성,ko,Horror,0,0,9.05029,2016-05-12,156,7.2,250,The Wailing
67675,Glee: The Concert Movie,en,Documentary,9000000,18663238,9.933926,2011-08-11,84,6.8,79,Glee: The Concert Movie
27329,สุริโยไท,th,Drama,0,0,0.843067,2001-08-17,185,5.1,6,The Legend of Suriyothai
29514,Due occhi diabolici,en,Horror,9000000,0,8.218383,1990-01-25,120,6,35,Two Evil Eyes
250349,Barbecue,fr,Comedy,6000000,14348529,5.119593,2014-04-30,98,5.8,214,Barbecue
12454,All or Nothing,en,Comedy,9000000,0,2.872281,2002-05-17,128,7,33,All or Nothing
39806,Princess Kaiulani,en,Drama,9000000,771499,0.717811,2010-05-14,130,4.8,14,Princess Kaiulani
15699,Opal Dream,en,Drama,5000000,140666,1.458884,2006-11-22,86,6.1,7,Opal Dream
8883,Flammen & Citronen,da,Crime,6500000,0,7.028946,2008-03-25,130,6.8,68,Flame & Citron
17926,Undiscovered,en,Comedy,9000000,1046166,2.009597,2005-08-26,97,4.5,12,Undiscovered
291081,Red Riding: In the Year of Our Lord 1974,en,Thriller,0,0,7.247023,2009-02-28,102,7,54,Red Riding: In the Year of Our Lord 1974
41248,La Fille du RER,fr,Drama,0,0,2.351706,2009-03-18,105,5.6,10,The Girl on the Train
25968,Veronika Decides to Die,en,Drama,9000000,0,4.799022,2009-05-16,103,5.8,75,Veronika Decides to Die
9671,Crocodile Dundee,en,Adventure,5000000,328203506,16.072466,1986-09-26,97,6.3,503,Crocodile Dundee
52010,"Ultramarines: A Warhammer 40,000 Movie",en,Animation,0,0,3.891186,2010-12-10,76,5.2,27,"Ultramarines: A Warhammer 40,000 Movie"
11588,The I Inside,en,Thriller,8800000,0,3.789485,2004-01-15,90,5.9,62,The I Inside
43418,Beneath Hill 60,en,Drama,7347125,0,3.949796,2010-04-15,122,7.3,40,Beneath Hill 60
71157,Polisse,fr,Drama,0,20374201,14.038703,2011-10-06,127,7.9,285,Polisse
13483,Awake,en,Thriller,86000000,14373825,18.172736,2007-11-28,84,6.3,395,Awake
333355,Star Wars: Clone Wars (Volume 1),en,Action,0,0,1.881466,2005-03-21,69,8,27,Star Wars: Clone Wars: Volume 1
327833,Skin Trade,en,Thriller,9000000,0,6.677926,2014-11-07,96,5.6,61,Skin Trade
1547,The Lost Boys,en,Horror,8500000,32222567,24.750909,1987-07-31,97,6.8,538,The Lost Boys
25196,Crazy Heart,en,Drama,7000000,39462438,17.697042,2009-12-16,112,6.8,274,Crazy Heart
16323,The Rose,en,Drama,9250000,29174648,7.000949,1979-11-07,125,6.8,28,The Rose
175528,Baggage Claim,en,Comedy,8500000,22456509,11.436405,2013-09-27,96,5.6,85,Baggage Claim
8069,Barbarella,en,Science Fiction,9000000,2500000,14.171759,1968-10-10,98,5.7,146,Barbarella
71805,Håkon Håkonsen,en,Adventure,0,0,0.702971,1990-10-03,92,6.1,14,Shipwrecked
9451,Election,en,Comedy,0,0,13.476596,1999-04-23,99,6.7,270,Election
16727,The Namesake,en,Drama,12000000,20138836,3.604863,2006-09-02,122,6.8,50,The Namesake
272693,The DUFF,en,Romance,8500000,43528634,40.28709,2015-02-20,100,6.8,1322,The DUFF
10696,Glitter,en,Drama,22000000,5271666,3.809131,2001-09-21,104,3.4,38,Glitter
150202,The Haunting in Connecticut 2: Ghosts of Georgia,en,Horror,0,0,11.708343,2013-02-01,101,5.6,175,The Haunting in Connecticut 2: Ghosts of Georgia
19644,실미도,ko,Action,8000000,0,2.60632,2003-12-24,135,6.6,28,Silmido
29963,Bright Star,en,Drama,8500000,4440055,9.230073,2009-11-05,119,6.8,107,Bright Star
26022,My Name Is Khan,en,Drama,12000000,42345360,14.719886,2010-02-12,145,7.7,232,My Name Is Khan
152747,All Is Lost,en,Action,9000000,6108720,28.540614,2013-10-18,106,6.6,671,All Is Lost
62676,Limbo,en,Adventure,8000000,1997807,0.034259,1999-06-04,126,7,17,Limbo
20360,Namastey London,en,Drama,0,0,1.840511,2007-03-27,128,6.6,29,Namastey London
1116,The Wind That Shakes the Barley,en,Drama,6500000,22889018,6.787967,2006-05-18,124,7.1,154,The Wind That Shakes the Barley
185008,Yeh Jawaani Hai Deewani,hi,Romance,7700000,46000000,3.353176,2013-05-31,159,7.2,79,Yeh Jawaani Hai Deewani
11620,Quo Vadis,en,Drama,8250000,30000000,7.973109,1951-11-08,171,7,63,Quo Vadis
14353,Repo! The Genetic Opera,en,Horror,0,188126,5.897479,2008-07-18,98,6.7,100,Repo! The Genetic Opera
11818,Kurtlar vadisi - Irak,tr,Adventure,10000000,0,1.465762,2006-02-03,122,4.3,7,Valley of the Wolves: Iraq
680,Pulp Fiction,en,Thriller,8000000,213928762,121.463076,1994-10-08,154,8.3,8428,Pulp Fiction
11176,The Muppet Movie,en,Adventure,0,76657000,10.639916,1979-05-31,97,7,164,The Muppet Movie
242582,Nightcrawler,en,Crime,8500000,38697217,89.095538,2014-10-23,117,7.6,3395,Nightcrawler
11217,Club Dread,en,Comedy,8500000,5001655,2.62082,2004-02-27,104,5.1,107,Club Dread
15121,The Sound of Music,en,Drama,8200000,286214286,37.960289,1965-03-02,174,7.4,941,The Sound of Music
2619,Splash,en,Comedy,8000000,69821334,21.735068,1984-03-09,111,6.1,321,Splash
773,Little Miss Sunshine,en,Comedy,8000000,100523181,14.793177,2006-07-26,102,7.5,1686,Little Miss Sunshine
235,Stand by Me,en,Crime,8000000,52287414,51.109279,1986-08-22,89,7.8,1522,Stand by Me
170,28 Days Later,en,Horror,5000000,82719885,45.490374,2002-10-31,113,7.1,1777,28 Days Later
14114,You Got Served,en,Drama,0,0,3.804597,2004-01-30,95,4.8,75,You Got Served
10734,Escape from Alcatraz,en,Crime,8000000,43000000,26.356697,1979-06-22,111,7.2,561,Escape from Alcatraz
37964,Brown Sugar,en,Comedy,8000000,27362712,3.501158,2002-10-05,109,7,31,Brown Sugar
28121,A Thin Line Between Love and Hate,en,Comedy,0,0,2.088251,1996-04-04,108,5.7,15,A Thin Line Between Love and Hate
40807,50/50,en,Comedy,8000000,39187783,33.372828,2011-09-30,100,7,1261,50/50
10885,Shutter,en,Horror,0,0,8.864368,2008-03-21,85,5.3,180,Shutter
225565,That Awkward Moment,en,Comedy,8000000,26049082,37.821106,2014-01-29,94,6.1,1004,That Awkward Moment
16471,Modern Problems,en,Comedy,0,0,4.293706,1981-12-25,89,5.6,23,Modern Problems
385736,Kicks,en,Adventure,0,0,3.467923,2016-09-09,80,7.5,18,Kicks
11971,Much Ado About Nothing,en,Drama,8000000,0,10.19377,1993-05-07,111,7.2,189,Much Ado About Nothing
668,On Her Majesty's Secret Service,en,Adventure,6500000,81974493,25.289665,1969-12-12,142,6.5,456,On Her Majesty's Secret Service
11596,New Nightmare,en,Horror,14000000,18090181,14.730796,1994-10-13,112,6.4,291,New Nightmare
14429,Drive Me Crazy,en,Drama,8000000,22593409,4.482714,1999-10-01,91,5.8,62,Drive Me Crazy
13751,Akeelah and the Bee,en,Drama,8000000,18948425,4.932893,2006-04-28,112,6.7,81,Akeelah and the Bee
9490,Half Baked,en,Comedy,8000000,17460020,7.894489,1998-01-16,82,6.4,177,Half Baked
14536,New in Town,en,Comedy,8000000,29010817,13.987772,2009-01-30,97,5.2,99,New in Town
1359,American Psycho,en,Thriller,7000000,34266564,45.310443,2000-04-13,102,7.3,2066,American Psycho
9962,The Good Girl,en,Drama,8000000,16856124,9.799177,2002-01-12,93,6.1,181,The Good Girl
15049,Bon Cop Bad Cop,fr,Action,8000000,12671300,5.069095,2006-07-06,116,6.5,42,Bon Cop Bad Cop
22821,The Boondock Saints II: All Saints Day,en,Action,8000000,10629321,13.517017,2009-11-24,118,5.9,261,The Boondock Saints II: All Saints Day
42819,The City of Your Final Destination,en,Drama,0,0,1.353971,2009-03-21,114,5.7,9,The City of Your Final Destination
209263,Enough Said,en,Comedy,0,25288872,14.969093,2013-09-18,93,6.6,348,Enough Said
37735,Easy A,en,Comedy,8000000,74952305,45.395839,2010-09-10,92,6.7,2210,Easy A
59930,The Inkwell,en,Comedy,0,8880705,0.269661,1994-04-22,110,3.9,5,The Inkwell
10873,Shadow of the Vampire,en,Drama,8000000,8279017,5.93923,2000-05-15,92,6.6,148,Shadow of the Vampire
51588,Prom,en,Comedy,8000000,10130000,11.837067,2011-04-29,104,5.7,134,Prom
23570,The Pallbearer,en,Comedy,8000000,0,2.149469,1996-05-03,97,4.6,30,The Pallbearer
19489,Held Up,en,Comedy,0,0,1.569449,1999-10-08,89,4.9,11,Held Up
14629,Woman on Top,en,Comedy,8000000,0,3.535789,2000-09-22,92,5.5,46,Woman on Top
8293,Howards End,en,Drama,0,25966555,5.897391,1992-03-13,140,6.9,95,Howards End
291270,Anomalisa,en,Animation,8000000,5659286,21.024346,2015-12-30,90,7,459,Anomalisa
44009,Another Year,en,Comedy,8000000,18124262,7.235794,2010-11-05,129,7,97,Another Year
1958,8 femmes,fr,Comedy,8000000,0,8.204829,2002-01-08,111,6.9,196,8 Women
13154,Showdown in Little Tokyo,en,Action,8000000,2275557,8.403859,1991-08-23,79,5.7,95,Showdown in Little Tokyo
26618,Clay Pigeons,en,Comedy,0,0,4.221313,1998-09-25,104,6.3,39,Clay Pigeons
43923,It's Kind of a Funny Story,en,Comedy,8000000,6491240,13.143045,2010-07-06,101,6.9,672,It's Kind of a Funny Story
46138,Made in Dagenham,en,Comedy,7200000,0,6.138802,2010-09-11,113,6.6,94,Made in Dagenham
45791,And When Did You Last See Your Father?,en,Drama,0,92,1.939054,2007-10-05,92,6.9,13,When Did You Last See Your Father?
26306,Prefontaine,en,Drama,8000000,589304,8.717235,1997-01-24,106,6.7,21,Prefontaine
110683,The Wicked Lady,en,Drama,0,0,0.289433,1983-04-21,98,4.3,4,The Wicked Lady
26963,The Secret of Kells,en,Animation,0,0,10.621353,2009-02-09,75,7.3,181,The Secret of Kells
198277,Begin Again,en,Comedy,8000000,63464861,35.735689,2013-09-07,104,7.3,1254,Begin Again
7870,Down in the Valley,en,Drama,8000000,852872,7.433574,2005-05-13,112,5.9,63,Down in the Valley
13072,Brooklyn Rules,en,Drama,8000000,458232,4.090382,2007-04-30,99,5.8,18,Brooklyn Rules
153397,Restless,en,TV Movie,0,0,0.812776,2012-12-07,180,4.9,8,Restless
30141,The Singing Detective,en,Comedy,0,0,6.335881,2003-10-24,109,5.9,41,The Singing Detective
17044,The Land Girls,en,Drama,0,0,1.278092,1998-09-25,111,7,3,The Land Girls
10288,Fido,en,Romance,8000000,426224,5.244518,2006-09-07,91,6.6,135,Fido
12183,The Wendell Baker Story,en,Comedy,0,0,1.265683,2005-08-03,99,5.2,16,The Wendell Baker Story
44147,Wild Target,en,Action,8000000,3453043,10.791954,2010-06-17,98,6.4,215,Wild Target
12192,Pathology,en,Crime,8000000,0,9.782433,2008-04-11,95,5.6,144,Pathology
36597,Wuthering Heights,en,Drama,0,0,4.409263,2009-01-18,142,6.9,37,Wuthering Heights
13197,10th & Wolf,en,Action,8000000,143451,3.942464,2006-02-19,107,6.3,24,10th & Wolf
10913,Dear Wendy,en,Comedy,0,0,2.597665,2005-01-22,105,5.6,33,Dear Wendy
251321,Aloft,en,Drama,8000000,53086,6.500835,2014-02-12,112,5.1,41,Aloft
149,アキラ,ja,Science Fiction,8000000,553171,39.338097,1988-07-16,124,7.8,773,Akira
10425,The Death and Life of Bobby Z,en,Drama,22000000,413454,12.893219,2007-07-23,97,5.8,103,The Death and Life of Bobby Z
49081,Maurice Richard,fr,Drama,8000000,2019009,0.983484,2005-10-25,124,6.1,17,The Rocket: The Legend of Rocket Richard
256687,Swelter,en,Action,0,0,2.214925,2014-04-20,96,4.6,21,Swelter
220488,非常幸运,zh,Comedy,0,0,1.86453,2013-09-17,114,4.3,8,My Lucky Star
1544,Imagine Me & You,en,Drama,0,2455831,9.1003520000000009,2005-02-01,93,7,177,Imagine Me & You
374461,Mr. Church,en,Drama,8000000,0,7.828459,2016-09-16,104,7,129,Mr. Church
302,Swimming Pool,en,Thriller,7800000,22441323,11.000654,2003-05-18,102,6.4,153,Swimming Pool
182873,Green Street Hooligans: Underground,en,Action,0,0,5.0005,2013-01-01,90,5.4,33,Green Street Hooligans: Underground
21512,The Blood of Heroes,en,Action,0,882290,6.41678,1989-10-19,100,5.9,31,The Blood of Heroes
389425,Code of Honor,en,Action,8000000,0,2.101718,2016-05-06,106,4.1,16,Code of Honor
403,Driving Miss Daisy,en,Comedy,7500000,145793296,19.585801,1989-12-13,99,7,350,Driving Miss Daisy
29461,Soul Food,en,Comedy,0,0,4.105363,1997-09-26,114,6.6,19,Soul Food
33542,紅番區,cn,Crime,7500000,32392047,17.318839,1995-01-30,91,6.5,240,Rumble in the Bronx
283708,Loin des hommes,fr,Drama,7700000,0,3.363973,2014-08-30,110,6.6,43,Far from Men
9388,Thank You for Smoking,en,Comedy,6500000,24793509,29.01153,2005-09-05,92,7.1,664,Thank You for Smoking
1691,Hostel: Part II,en,Horror,10200000,35619521,20.745052,2007-06-08,93,5.6,453,Hostel: Part II
24684,An Education,en,Drama,7500000,26096852,16.990308,2009-10-29,100,6.8,409,An Education
2610,Shopgirl,en,Comedy,10284523,11588205,4.820166,2005-10-21,104,5.7,75,Shopgirl
11308,The Hotel New Hampshire,en,Comedy,7500000,0,2.226412,1984-03-09,109,5.8,26,The Hotel New Hampshire
11022,Narc,en,Action,6500000,12633747,8.526635,2002-01-14,105,6.8,142,Narc
34341,Men with Brooms,en,Comedy,7500000,4245870,1.369528,2002-09-20,102,4.5,7,Men with Brooms
15365,Witless Protection,en,Action,0,0,1.82184,2008-02-22,97,4,26,Witless Protection
36046,The Work and the Glory,en,Drama,7500000,3347647,0.571663,2004-11-24,110,6.1,7,The Work and the Glory
12569,Extract,en,Comedy,8000000,10848783,14.652342,2009-09-03,92,5.7,192,Extract
24356,Masked and Anonymous,en,Drama,0,0,1.71729,2003-08-08,112,5.2,13,Masked and Anonymous
55903,Betty Fisher et autres histoires,fr,Drama,0,0,0.024186,2001-09-01,103,7,3,Betty Fisher and Other Stories
2577,Code 46,en,Drama,7500000,0,8.859657,2003-09-02,92,6.2,116,Code 46
103903,Outside Bet,en,Comedy,7500000,0,0.086731,2012-04-27,101,5.8,2,Outside Bet
73873,Albert Nobbs,en,Drama,8000000,5634828,7.802245,2011-12-21,113,6.2,132,Albert Nobbs
312113,Black November,en,Drama,12500000,0,1.589693,2012-12-07,95,6.4,4,Black November
14165,Ta Ra Rum Pum,hi,Family,0,0,0.553752,2007-04-27,156,6,13,Ta Ra Rum Pum
2011,Persepolis,fr,Animation,7300000,0,24.281951,2007-05-23,95,7.7,450,Persepolis
45650,The Hole,en,Thriller,0,0,9.983004,2009-09-09,92,5.6,244,The Hole
7735,Die Welle,de,Drama,7500000,19000000,25.281197,2008-03-11,107,7.5,841,The Wave
301365,The Neon Demon,en,Thriller,7000000,1333124,38.150787,2016-06-08,117,6.4,887,The Neon Demon
25941,Harry Brown,en,Thriller,7300000,10329747,16.829837,2009-11-11,103,6.7,348,Harry Brown
29064,The Omega Code,en,Horror,0,2400000,1.288173,1999-10-15,100,4.4,17,The Omega Code
7326,Juno,en,Comedy,7500000,231411584,19.782725,2007-12-05,96,7,2244,Juno
326284,Pound of Flesh,en,Action,7500000,0,4.943588,2015-05-07,104,5.5,63,Pound of Flesh
681,Diamonds Are Forever,en,Adventure,7200000,116019547,34.634181,1971-12-13,120,6.3,553,Diamonds Are Forever
238,The Godfather,en,Drama,6000000,245066411,143.659698,1972-03-14,175,8.4,5893,The Godfather
535,Flashdance,en,Drama,4000000,92921203,18.422323,1983-04-14,95,6.1,302,Flashdance
19913,(500) Days of Summer,en,Comedy,7500000,60722734,45.610993,2009-07-17,95,7.2,2904,(500) Days of Summer
713,The Piano,en,Drama,7000000,116700000,17.681707,1993-05-19,121,7.1,281,The Piano
77930,Magic Mike,en,Drama,7000000,167221571,35.897151,2012-06-28,110,6.1,1040,Magic Mike
10727,Darkness Falls,en,Thriller,0,0,11.199544,2003-01-24,86,4.9,161,Darkness Falls
253,Live and Let Die,en,Adventure,7000000,161777836,30.465138,1973-07-05,121,6.4,533,Live and Let Die
17908,My Dog Skip,en,Comedy,7000000,0,5.675535,2000-01-14,95,6.5,69,My Dog Skip
8390,"Definitely, Maybe",en,Comedy,0,55447968,29.173266,2008-02-08,112,6.7,620,"Definitely, Maybe"
57119,Jumping the Broom,en,Comedy,6600000,37710610,4.492455,2011-05-06,112,6,56,Jumping the Broom
3291,"Good Night, and Good Luck.",en,Drama,7000000,54600000,17.717681,2005-09-16,93,6.8,273,"Good Night, and Good Luck."
398,Capote,en,Crime,7000000,49084830,17.434862,2005-09-30,114,6.8,384,Capote
8068,Desperado,en,Thriller,7000000,25405445,25.511217,1995-08-25,104,6.8,881,Desperado
10803,Logan's Run,en,Adventure,9000000,25000000,12.268143,1976-06-23,119,6.6,269,Logan's Run
682,The Man with the Golden Gun,en,Adventure,7000000,97572000,30.214716,1974-12-01,125,6.3,524,The Man with the Golden Gun
10117,Action Jackson,en,Action,7000000,20256975,6.872784,1988-02-12,96,4.9,50,Action Jackson
9392,The Descent,en,Adventure,0,0,23.413188,2005-07-08,99,6.8,1005,The Descent
24977,Michael Jordan to the Max,en,Documentary,0,21268532,1.830306,2000-05-05,46,7.5,10,Michael Jordan to the Max
79316,Devil's Due,en,Horror,7000000,36433975,14.741589,2014-01-08,89,4.4,216,Devil's Due
2074,Flirting with Disaster,en,Comedy,7000000,14702438,5.500324,1996-03-22,92,6.3,66,Flirting with Disaster
1696,The Devil's Rejects,en,Drama,0,0,16.754452,2005-07-22,107,6.6,322,The Devil's Rejects
308639,Dope,en,Crime,700000,17986781,29.761163,2015-06-19,103,7.2,691,Dope
22314,In Too Deep,en,Drama,7000000,14011454,2.772178,1999-08-25,97,6.2,17,In Too Deep
2662,House of 1000 Corpses,en,Horror,7000000,16829545,19.301432,2003-04-11,89,6,306,House of 1000 Corpses
77156,Alien Zone,en,Horror,0,0,3.72e-4,1978-11-22,90,4,3,Alien Zone
12573,A Serious Man,en,Comedy,7000000,31430334,23.612409,2009-10-02,105,6.6,483,A Serious Man
44718,Get Low,en,Comedy,7500000,0,6.557643,2010-01-22,103,6.5,100,Get Low
11342,Warlock,en,Adventure,7000000,0,9.887662,1989-06-01,103,5.8,95,Warlock
241771,Beyond the Lights,en,Romance,7000000,14618727,8.079046,2014-09-10,116,7,139,Beyond the Lights
34653,A Single Man,en,Drama,7000000,0,21.626288,2009-10-19,101,7.3,463,A Single Man
11051,The Last Temptation of Christ,en,Drama,7000000,8373585,14.672151,1988-08-12,164,7,201,The Last Temptation of Christ
14578,Outside Providence,en,Romance,7000000,7292175,2.627232,1999-08-16,96,5.6,30,Outside Providence
57825,Bride & Prejudice,en,Drama,7000000,0,12.150871,2004-02-11,111,6.5,110,Bride & Prejudice
9555,Rabbit-Proof Fence,en,Adventure,0,0,2.128211,2002-02-04,94,6.8,84,Rabbit-Proof Fence
15581,Who's Your Caddy?,en,Comedy,0,0,2.881239,2007-07-27,93,3.8,18,Who's Your Caddy?
13006,Split Second,en,Thriller,7,5,4.857028,1992-05-01,90,5.7,63,Split Second
16651,The Other Side of Heaven,en,Action,7000000,4720371,2.206097,2001-04-12,113,6.7,14,The Other Side of Heaven
4251,Veer-Zaara,hi,Drama,7000000,29385320,3.721858,2004-11-12,192,7.4,64,Veer-Zaara
12400,Redbelt,en,Drama,7000000,0,5.091253,2008-04-07,99,6.4,76,Redbelt
39053,Cyrus,en,Comedy,7000000,0,15.212569,2010-06-18,91,6.1,133,Cyrus
104896,A Dog Of Flanders,en,Drama,0,0,0.838938,1999-08-27,96,6.4,6,A Dog Of Flanders
14112,Auto Focus,en,Drama,7000000,2062066,7.051521,2002-10-18,104,6.1,56,Auto Focus
12271,Factory Girl,en,Drama,7000000,0,11.400229,2006-12-29,90,6.2,81,Factory Girl
71859,We Need to Talk About Kevin,en,Drama,7000000,6038942,21.276864,2011-09-28,112,7.4,677,We Need to Talk About Kevin
226354,The Christmas Candle,en,Drama,0,0,1.799504,2013-11-22,100,5.8,8,The Christmas Candle
48620,The Mighty Macs,en,Action,7000000,0,2.932784,2009-10-21,102,5,15,The Mighty Macs
33676,Losin' It,en,Comedy,7000000,1246141,2.550045,1983-04-08,100,4.5,31,Losin' It
37080,Mother and Child,en,Drama,7000000,0,5.517597,2009-11-07,125,6.7,46,Mother and Child
25388,March or Die,en,Action,0,0,3.829937,1977-09-08,107,6.2,16,March or Die
11687,Les visiteurs,fr,Fantasy,0,0,8.893676,1993-01-27,107,7.1,420,The Visitors
39210,Somewhere,en,Comedy,8000000,0,9.590373,2010-09-03,98,6,208,Somewhere
30128,I Hope They Serve Beer in Hell,en,Comedy,7000000,1429299,7.155519,2009-09-25,106,5.7,20,I Hope They Serve Beer in Hell
31535,Chairman of the Board,en,Comedy,0,0,0.587276,1998-03-13,95,2.7,13,Chairman of the Board
44835,Hesher,en,Drama,7000000,382946,13.635828,2010-01-22,106,6.7,212,Hesher
192134,Dom Hemingway,en,Comedy,0,523511,10.416332,2013-11-15,93,5.8,212,Dom Hemingway
1956,Gerry,en,Mystery,3500000,0,5.038953,2002-01-12,103,6.2,68,Gerry
24985,The Heart of Me,en,Drama,7000000,0,1.498245,2002-01-01,96,7.7,5,The Heart of Me
306745,Freeheld,en,Romance,7000000,573335,8.184588,2015-10-02,103,7.1,164,Freeheld
47088,The Extra Man,en,Comedy,7000000,453079,2.26778,2010-08-01,108,5.9,29,The Extra Man
110402,Трудно быть богом,ru,Drama,7000000,1310673,3.120016,2013-02-27,170,6.7,41,Hard to Be a God
27004,Ca$h,en,Crime,7000000,46488,8.207425,2010-01-01,108,6,73,Ca$h
15013,Wah-Wah,en,Drama,0,0,2.356244,2005-08-17,120,6.3,8,Wah-Wah
8374,The Boondock Saints,en,Action,6000000,30471,34.917447,1999-01-22,108,7.2,837,The Boondock Saints
277519,Z 風暴,cn,Crime,0,0,0.542814,2014-06-19,92,5.8,5,Z Storm
78381,Twixt,en,Horror,7000000,0,5.060656,2011-09-10,84,5,85,Twixt
164372,Снежная королева,ru,Animation,7000000,12400000,5.33861,2012-10-11,76,5.1,47,The Snow Queen
294512,Alpha and Omega: The Legend of the Saw Tooth Cave,en,Family,0,0,1.874783,2014-07-21,53,6.5,4,Alpha and Omega: The Legend of the Saw Tooth Cave
8879,Pale Rider,en,Romance,0,41410568,14.574995,1985-06-28,115,7,251,Pale Rider
13001,Stargate: The Ark of Truth,en,Adventure,7000000,8900000,8.591387,2008-03-11,97,6.9,140,Stargate: The Ark of Truth
9571,Dazed and Confused,en,Comedy,6900000,7993039,26.181753,1993-09-24,102,7.4,583,Dazed and Confused
13649,High School Musical 2,en,Comedy,0,7000000,21.01755,2007-08-17,104,6.1,843,High School Musical 2
325373,Two Lovers and a Bear,en,Drama,0,0,3.139294,2016-10-02,96,6.8,27,Two Lovers and a Bear
334527,Criminal Activities,en,Thriller,7000000,0,6.665164,2015-11-20,94,5.8,110,Criminal Activities
2211,Aimee & Jaguar,de,Drama,0,0,2.832628,1999-02-10,125,6.3,20,Aimee & Jaguar
13919,The Chumscrubber,en,Comedy,0,0,3.528643,2005-06-08,108,6.7,62,The Chumscrubber
14576,Shade,en,Action,6800000,0,4.665309,2003-05-18,101,6.1,73,Shade
82505,House at the End of the Street,en,Horror,6900000,44287131,25.613197,2012-09-21,101,5.6,555,House at the End of the Street
46738,Incendies,fr,Drama,6800000,7103838,21.285206,2010-09-04,130,7.9,479,Incendies
38970,Ricordati di me,it,Drama,0,0,4.240495,2003-02-11,125,5.8,44,"Remember Me, My Love"
41009,Perrier’s Bounty,en,Action,0,0,3.810943,2009-09-11,88,5.1,24,Perrier’s Bounty
7347,Tropa de Elite,pt,Drama,4000000,0,23.604936,2007-10-12,115,7.8,504,Elite Squad
250546,Annabelle,en,Horror,6500000,255273813,60.225219,2014-10-02,99,5.6,1517,Annabelle
38415,Bran Nue Dae,en,Comedy,7,7,0.050456,2009-08-09,82,5.2,6,Bran Nue Dae
650,Boyz n the Hood,en,Crime,6500000,57504069,17.705671,1991-07-12,112,7.4,364,Boyz n the Hood
16620,La Bamba,en,Drama,6500000,54215416,6.847099,1987-07-24,108,6.8,116,La Bamba
25113,The Four Seasons,en,Comedy,0,0,8.067702,1981-05-22,107,6.3,16,The Four Seasons
11033,Dressed to Kill,en,Horror,6500000,31899000,11.208769,1980-06-25,105,6.8,157,Dressed to Kill
34723,The Adventures of Huck Finn,en,Action,6500000,0,2.163683,1993-04-02,108,6.2,42,The Adventures of Huck Finn
9430,Go,en,Crime,6500000,28451622,11.142389,1999-04-09,98,7,196,Go
8998,Friends with Money,en,Comedy,6500000,13368437,11.885221,2006-09-07,88,5.1,128,Friends with Money
10514,The Andromeda Strain,en,Science Fiction,6500000,12376563,12.524953,1971-03-12,131,7,190,The Andromeda Strain
10496,Bats,en,Horror,0,10,1.537859,1999-10-22,91,4.1,35,Bats
1591,Nirgendwo in Afrika,de,Drama,0,0,3.481517,2001-12-11,140,7,32,Nowhere in Africa
76025,Shame,en,Drama,6500000,17693675,40.688426,2011-10-02,100,7,875,Shame
4836,Layer Cake,en,Drama,6500000,11850214,24.0034,2004-09-30,105,7,559,Layer Cake
14631,The Work and the Glory II: American Zion,en,Drama,6500000,2025032,2.639106,2005-10-21,100,8,6,The Work and the Glory II: American Zion
87499,The East,en,Drama,6500000,2401510,16.574756,2013-05-31,116,6.5,305,The East
18923,A Home at the End of the World,en,Romance,6500000,1548955,5.483531,2004-07-23,96,6.8,45,A Home at the End of the World
26665,Aberdeen,en,Drama,0,0,1.068819,2000-07-05,113,7,6,Aberdeen
28089,The Messenger,en,Drama,6500000,1521261,8.432401,2009-11-13,113,7.1,119,The Messenger
62255,Tracker,en,Action,6500000,0,2.0742950000000002,2010-05-20,102,6,16,Tracker
5708,Control,en,Drama,0,8159508,11.357474,2007-09-26,121,7.5,200,Control
218,The Terminator,en,Action,6400000,78371200,74.234793,1984-10-26,108,7.3,4128,The Terminator
338,"Good bye, Lenin!",de,Comedy,4800000,79384880,11.086001,2003-02-09,121,7.4,586,"Good bye, Lenin!"
21641,The Damned United,en,Drama,10000000,0,13.409125,2009-03-27,97,7.2,152,The Damned United
10925,The Return of the Living Dead,en,Comedy,4000000,14237000,14.961629,1985-05-15,91,7.3,267,The Return of the Living Dead
2293,Mallrats,en,Romance,6000000,2122561,16.139771,1995-10-20,94,6.8,392,Mallrats
621,Grease,en,Romance,6000000,181813770,67.608041,1978-07-07,110,7.2,1581,Grease
792,Platoon,en,Drama,6000000,138530565,49.802914,1986-12-18,120,7.5,1205,Platoon
1777,Fahrenheit 9/11,en,Documentary,6000000,119114517,16.20985,2004-06-25,122,6.8,397,Fahrenheit 9/11
642,Butch Cassidy and the Sundance Kid,en,History,6000000,102308889,24.499996,1969-09-23,110,7.4,650,Butch Cassidy and the Sundance Kid
433,Mary Poppins,en,Comedy,6000000,102272727,59.961523,1964-08-27,139,7.4,1183,Mary Poppins
16619,Ordinary People,en,Drama,6000000,0,12.541983,1980-09-19,124,7.4,145,Ordinary People
1725,West Side Story,en,Crime,6000000,43656822,23.431117,1961-10-18,152,7,389,West Side Story
11977,Caddyshack,en,Comedy,6000000,39846344,15.929648,1980-07-25,98,6.6,365,Caddyshack
20322,The Brothers,en,Comedy,0,0,3.029944,2001-03-23,106,6.5,10,The Brothers
16158,The Wood,en,Comedy,6000000,25059640,5.537646,1999-07-16,106,7.1,34,The Wood
629,The Usual Suspects,en,Drama,6000000,23341568,64.025031,1995-07-19,106,8.1,3254,The Usual Suspects
10160,A Nightmare on Elm Street 5: The Dream Child,en,Horror,8000000,22168359,12.654051,1989-08-11,89,5.5,245,A Nightmare on Elm Street 5: The Dream Child
11452,National Lampoon’s Van Wilder,en,Comedy,5000000,38275483,35.108498,2002-03-29,92,5.9,858,National Lampoon’s Van Wilder
12163,The Wrestler,en,Drama,6000000,44703995,40.196514,2008-09-07,109,7.3,1000,The Wrestler
32275,Duel in the Sun,en,Western,6000000,20400000,7.60445,1946-12-31,144,6.2,37,Duel in the Sun
13785,Best in Show,en,Comedy,0,0,10.982255,2000-09-19,90,6.7,166,Best in Show
1103,Escape from New York,en,Science Fiction,6000000,50244700,24.351305,1981-05-22,99,6.9,703,Escape from New York
36739,School Daze,en,Comedy,0,0,3.159574,1988-02-12,121,6.2,26,School Daze
14144,Daddy Day Camp,en,Comedy,6000000,18197398,12.601677,2007-08-08,89,4.4,91,Daddy Day Camp
10622,一個好人,cn,Crime,12716953,18814720,7.077505,1997-01-31,113,6.3,128,Mr. Nice Guy
13370,A Mighty Wind,en,Comedy,6000000,18750246,4.053017,2003-04-16,91,6.6,74,A Mighty Wind
11191,Mystic Pizza,en,Comedy,0,0,6.379933,1988-10-13,104,5.9,123,Mystic Pizza
10215,Sliding Doors,en,Comedy,6000000,58000000,15.639016,1998-04-23,99,6.5,354,Sliding Doors
25066,Tales from the Hood,en,Crime,6000000,12000000,3.89204,1995-05-24,98,5.4,32,Tales from the Hood
1523,The Last King of Scotland,en,Drama,6000000,48027970,26.286954,2006-09-01,121,7.4,558,The Last King of Scotland
11361,Halloween 5: The Revenge of Michael Myers,en,Horror,5000000,11642254,8.008844,1989-10-12,96,5.2,183,Halloween 5: The Revenge of Michael Myers
92591,Bernie,en,Comedy,5000000,9206470,12.68514,2012-04-27,100,6.5,320,Bernie
57612,Dolphins and Whales: Tribes of the Ocean,en,Documentary,6000000,7518876,0.041651,2008-02-15,42,8,3,Dolphins and Whales: Tribes of the Ocean
12509,Pollock,en,Drama,0,0,8.483531,2000-09-06,122,6.6,91,Pollock
15256,200 Cigarettes,en,Comedy,6000000,6852450,3.561198,1999-02-26,101,6.1,44,200 Cigarettes
83686,The Words,en,Drama,6000000,13231461,14.988746,2012-09-07,96,6.4,379,The Words
80304,Casa De Mi Padre,en,Comedy,0,0,5.754416,2012-03-15,84,5.5,103,Casa De Mi Padre
28053,City Island,en,Drama,6000000,6670712,6.497285,2009-03-06,104,6.9,113,City Island
67913,The Guard,en,Action,6000000,19560274,19.411141,2011-07-07,96,6.8,372,The Guard
13991,College,en,Comedy,7000000,6230276,7.034618,2008-08-28,94,4.8,48,College
1443,The Virgin Suicides,en,Drama,6000000,10409377,26.218912,1999-04-21,97,7.1,817,The Virgin Suicides
8545,Little Voice,en,Comedy,0,0,4.647547,1998-11-05,97,6.6,61,Little Voice
19556,Miss March,en,Comedy,0,0,9.371534,2009-03-13,89,5.4,77,Miss March
231576,Wish I Was Here,en,Drama,5500000,5483299,15.015271,2014-01-18,120,6.4,300,Wish I Was Here
16172,Simply Irresistible,en,Comedy,6000000,4398989,5.696491,1999-02-05,95,5.5,52,Simply Irresistible
13403,Hedwig and the Angry Inch,en,Comedy,0,0,4.25422,2001-07-20,95,7.4,80,Hedwig and the Angry Inch
15797,Only the Strong,en,Action,6000000,3283371,5.411243,1993-08-27,99,6.9,29,Only the Strong
347764,Goddess of Love,en,Mystery,0,0,1.273773,2015-08-31,96,6.2,9,Goddess of Love
13537,Shattered Glass,en,Drama,6000000,2944752,6.27257,2003-11-14,94,6.6,111,Shattered Glass
20794,Novocaine,en,Comedy,6000000,2025238,4.148253,2001-11-23,95,6,44,Novocaine
31064,The Business of Strangers,en,Drama,0,0,1.369649,2001-01-19,84,5.7,19,The Business of Strangers
576,The Wild Bunch,en,Adventure,6244087,638641,14.970654,1969-06-17,145,7.6,259,The Wild Bunch
13990,The Wackness,en,Drama,6000000,2899975,7.161051,2008-07-03,99,6.2,94,The Wackness
11583,The First Great Train Robbery,en,Thriller,6000000,0,12.434688,1979-01-25,110,6.6,74,The First Great Train Robbery
18602,Morvern Callar,en,Drama,0,0,2.507912,2002-01-01,97,7.2,34,Morvern Callar
27549,Beastmaster 2: Through the Portal of Time,en,Action,6000000,869325,1.478505,1991-06-08,107,4.6,17,Beastmaster 2: Through the Portal of Time
59728,The 5th Quarter,en,Drama,6000000,399611,0.215464,2011-03-25,97,4.7,12,The 5th Quarter
10930,La fleur du mal,fr,Drama,0,0,1.229667,2003-02-09,104,5.7,10,The Flower of Evil
32395,The Greatest,en,Drama,6000000,0,6.903186,2009-01-17,99,6.2,34,The Greatest
58882,Snow Flower and the Secret Fan,en,Drama,134005,1332231,2.260315,2011-07-15,104,5.3,22,Snow Flower and the Secret Fan
7547,Come Early Morning,en,Drama,6000000,0,3.427061,2006-01-10,97,5.9,10,Come Early Morning
35944,Lucky Break,en,Action,0,0,0.669169,2001-08-24,107,6.5,11,Lucky Break
42222,Julia,en,Drama,0,0,6.077735,1977-10-02,117,6.3,30,Julia
13827,"Surfer, Dude",en,Comedy,6000000,69497,2.404626,2008-09-05,85,4.7,25,"Surfer, Dude"
44260,Lake of Fire,en,Documentary,0,25,0.475748,2006-09-09,152,8,10,Lake of Fire
9282,11:14,en,Crime,6000000,0,15.048067,2003-05-16,86,6.8,206,11:14
38940,Men of War,en,Action,0,0,1.734764,1994-09-04,103,5.4,29,Men of War
35689,Don McKay,en,Crime,0,0,1.496454,2009-04-24,87,5.4,21,Don McKay
97614,Deadfall,en,Crime,12000000,66351,10.19041,2012-11-08,95,5.6,224,Deadfall
37206,A Shine of Rainbows,en,Drama,6000000,0,12.099486,2009-10-01,101,6.3,14,A Shine of Rainbows
58626,The Hit List,en,Action,6000000,0,4.957014,2011-04-02,90,5.2,73,The Hit List
183894,Emma,en,Romance,0,0,2.135689,2009-10-11,240,7.6,38,Emma
837,Videodrome,en,Horror,5952000,2120439,18.119265,1983-02-04,87,7.1,454,Videodrome
1555,L'Auberge espagnole,fr,Drama,5300000,3897799,13.034602,2002-05-17,122,7,266,The Spanish Apartment
244783,Song One,en,Drama,6000000,32251,6.349218,2014-01-20,86,5.5,87,Song One
16564,Oorlogswinter,nl,Drama,4000000,530048,5.013575,2008-11-17,103,6.8,66,Winter in Wartime
168027,Freaky Deaky,en,Comedy,0,0,4.448353,2012-04-22,90,4.9,18,Freaky Deaky
3482,The Train,en,Action,5800000,6800000,4.49029,1964-09-21,133,7.2,72,The Train
135595,Trade Of Innocents,en,Drama,0,0,2.204138,2012-09-27,91,5.5,12,Trade Of Innocents
8982,ต้มยำกุ้ง,th,Action,6000000,27165581,11.81832,2005-08-11,108,6.8,167,The Protector
89861,Stiff Upper Lips,en,Comedy,0,0,0.356495,1998-06-12,99,10,1,Stiff Upper Lips
455,Bend It Like Beckham,en,Comedy,3500159,76578641,22.054546,2002-04-11,112,6.2,578,Bend It Like Beckham
57022,Sunshine State,en,Drama,0,0,4.245123,2002-06-21,141,6,10,Sunshine State
14351,Crossover,en,Action,5800000,7000000,3.201886,2006-09-01,95,4.2,10,Crossover
147767,Khiladi 786,en,Action,0,126,0.114342,2012-12-07,139,4.7,11,Khiladi 786
10664,[REC]²,es,Thriller,5600000,18469680,22.341462,2009-09-15,85,6.4,489,[REC]²
55567,Standing Ovation,en,Comedy,0,531826,0.305922,2010-07-16,105,3.9,6,Standing Ovation
9277,The Sting,en,Comedy,5500000,159616327,28.500913,1973-12-25,129,7.9,622,The Sting
9443,Chariots of Fire,en,Drama,5500000,58972904,10.439971,1981-05-15,123,6.8,207,Chariots of Fire
16186,Diary of a Mad Black Woman,en,Comedy,0,0,3.784535,2005-02-25,116,6.4,71,Diary of a Mad Black Woman
7863,Shine,en,Drama,0,0,10.396305,1996-01-21,105,7.3,131,Shine
138697,Don Jon,en,Romance,6000000,0,33.296684,2013-07-26,90,5.9,1671,Don Jon
11901,High Plains Drifter,en,Western,5500000,15700000,19.127239,1973-04-19,105,7.4,278,High Plains Drifter
1548,Ghost World,en,Comedy,7000000,0,14.072941,2001-07-20,111,7.1,426,Ghost World
11889,Iris,en,Drama,0,0,2.714043,2001-12-14,91,6.2,47,Iris
33155,Galaxina,en,Comedy,5500000,4865000,2.141143,1980-06-06,95,3.3,16,Galaxina
5528,Les Choristes,fr,Drama,0,0,20.982455,2004-03-17,96,7.5,526,The Chorus
321,Mambo Italiano,en,Comedy,4361898,3031801,2.080741,2003-06-06,92,5.6,28,Mambo Italiano
4997,Wonderland,en,Crime,5000000,2466444,7.79068,2003-10-23,104,6.2,73,Wonderland
925,Do the Right Thing,en,Drama,6500000,37295445,15.580335,1989-06-30,120,7.6,292,Do the Right Thing
27451,Harvard Man,en,Drama,0,0,5.336243,2001-01-01,99,4.8,15,Harvard Man
73532,Le Havre,fr,Drama,3850000,0,10.787322,2011-05-17,93,6.8,97,Le Havre
979,Irréversible,fr,Drama,0,792,32.476098,2002-05-22,97,7.1,538,Irreversible
193722,R100,ja,Comedy,5500000,0,3.21392,2013-10-05,100,5.4,31,R100
7913,Rang De Basanti,hi,Drama,2200000,11502151,5.206967,2006-01-26,157,7.2,97,Rang De Basanti
253253,Animals,en,Drama,0,0,1.5846,2014-05-15,90,6.2,9,Animals
51995,Salvation Boulevard,en,Comedy,8000000,0,3.653305,2011-07-15,96,5.6,28,Salvation Boulevard
13173,The Ten,en,Comedy,0,0,3.865122,2007-08-03,96,4.9,57,The Ten
22908,A Room for Romeo Brass,en,Drama,0,0,1.391958,1999-08-23,90,7.3,18,A Room for Romeo Brass
70670,Hodejegerne,en,Thriller,0,15699707,20.821846,2011-08-04,100,7.1,399,Headhunters
84204,Grabbers,en,Science Fiction,0,0,9.451228,2012-08-10,94,6,140,Grabbers
25248,Saint Ralph,en,Comedy,0,0,1.688495,2004-09-11,95,7.3,24,Saint Ralph
230266,Miss Julie,en,Drama,5500000,5000000,5.033065,2014-09-07,120,5.9,45,Miss Julie
16633,Somewhere in Time,en,Science Fiction,5100000,0,5.934016,1980-10-02,103,7.2,102,Somewhere in Time
63006,Dum Maaro Dum,hi,Drama,0,0,0.075817,2011-04-22,130,5.4,7,Dum Maaro Dum
91586,Insidious: Chapter 2,en,Horror,5000000,0,48.375848,2013-09-12,106,6.5,1211,Insidious: Chapter 2
215,Saw II,en,Horror,4000000,152925093,42.187986,2005-10-28,92,6.3,1251,Saw II
333371,10 Cloverfield Lane,en,Thriller,15000000,108286421,53.698683,2016-03-10,103,6.8,2468,10 Cloverfield Lane
9012,Jackass: The Movie,en,Documentary,5000000,64282312,14.752587,2002-10-21,87,6.1,345,Jackass: The Movie
345911,Lights Out,en,Horror,4900000,44107032,48.170508,2016-07-21,81,6.3,1129,Lights Out
72571,Paranormal Activity 3,en,Horror,5000000,205703818,29.15813,2011-10-19,83,5.9,669,Paranormal Activity 3
242512,Ouija,en,Horror,5000000,103590271,56.30466,2014-10-24,89,4.9,983,Ouija
10072,A Nightmare on Elm Street 3: Dream Warriors,en,Horror,5000000,44793222,17.304055,1987-02-27,96,6.5,354,A Nightmare on Elm Street 3: Dream Warriors
211954,No se Aceptan Devoluciones,es,Comedy,5500000,99067206,9.59729,2013-07-20,115,7.5,205,Instructions Not Included
82990,Paranormal Activity 4,en,Horror,5000000,142817992,20.326337,2012-10-17,95,5.2,563,Paranormal Activity 4
29912,The Robe,en,Drama,4100000,36000000,4.028875,1953-09-16,135,6.4,42,The Robe
11843,The Return of the Pink Panther,en,Comedy,5000000,41833347,6.470766,1975-05-21,113,6.7,137,The Return of the Pink Panther
11284,Freddy's Dead: The Final Nightmare,en,Horror,11000000,34872033,16.856231,1991-09-05,89,5.1,272,Freddy's Dead: The Final Nightmare
504,Monster,en,Crime,8000000,60378584,19.683187,2003-11-16,110,7,485,Monster
173,"20,000 Leagues Under the Sea",en,Adventure,5000000,28200000,9.358197,1954-12-23,127,6.8,157,"20,000 Leagues Under the Sea"
227348,Paranormal Activity: The Marked Ones,en,Horror,5000000,86362372,19.984477,2014-01-01,84,5.2,449,Paranormal Activity: The Marked Ones
1955,The Elephant Man,en,Drama,5000000,26010864,30.271066,1980-10-02,124,7.9,719,The Elephant Man
152532,Dallas Buyers Club,en,Drama,5000000,55198285,59.454473,2013-09-07,117,7.9,2886,Dallas Buyers Club
243940,The Lazarus Effect,en,Thriller,3300000,64110728,20.304235,2015-01-29,83,5.1,505,The Lazarus Effect
77,Memento,en,Mystery,9000000,39723096,60.715151,2000-10-11,113,8.1,4028,Memento
157547,Oculus,en,Horror,5000000,44030246,35.871248,2013-09-08,104,6.3,1050,Oculus
2295,Clerks II,en,Comedy,5000000,26888376,18.077963,2006-05-25,97,6.9,398,Clerks II
71,Billy Elliot,en,Drama,5000000,110000000,20.428237,2000-05-18,110,7.4,750,Billy Elliot
147773,The Way Way Back,en,Comedy,4600000,23198652,32.14444,2013-06-06,103,7.1,688,The Way Way Back
16096,House Party 2,en,Comedy,0,0,3.673566,1991-10-23,94,4.7,21,House Party 2
24266,The Man from Snowy River,en,Family,3500000,20659423,3.656491,1982-03-02,104,6.8,37,The Man from Snowy River
16508,Doug's 1st Movie,en,Animation,0,0,1.88484,1999-03-26,77,5.4,22,Doug's 1st Movie
2895,The Apostle,en,Drama,5000000,0,4.227807,1997-10-09,134,6.1,38,The Apostle
15660,Mommie Dearest,en,Drama,0,0,3.102862,1981-09-18,129,6.5,54,Mommie Dearest
59968,Our Idiot Brother,en,Comedy,10000000,17273593,15.688439,2011-08-26,90,5.9,365,Our Idiot Brother
323677,Race,en,Action,5000000,24804129,22.9951,2016-02-19,134,7.1,478,Race
19848,The Players Club,en,Drama,0,0,5.769822,1998-04-08,104,6.4,14,The Players Club
256274,"As Above, So Below",en,Horror,5000000,40100000,26.510558,2014-08-14,93,6.1,766,"As Above, So Below"
235271,Addicted,en,Drama,0,0,7.544515,2014-10-10,105,5.4,63,Addicted
45153,Eve's Bayou,en,Drama,0,0,1.126941,1997-09-07,109,6.1,27,Eve's Bayou
284293,Still Alice,en,Drama,5000000,43884652,35.307577,2014-12-05,99,7.5,1104,Still Alice
24973,The Egyptian,en,History,5000000,15000000,4.079111,1954-08-25,139,6,11,The Egyptian
21610,Nighthawks,en,Action,5000000,19905359,7.058868,1981-03-17,99,6.4,86,Nighthawks
10283,Friday the 13th Part VIII: Jason Takes Manhattan,en,Horror,5000000,14000000,12.904615,1989-07-28,100,4.8,191,Friday the 13th Part VIII: Jason Takes Manhattan
8346,My Big Fat Greek Wedding,en,Comedy,5000000,368744044,18.115566,2002-02-22,95,6.2,671,My Big Fat Greek Wedding
122081,Spring Breakers,en,Drama,5000000,31724284,62.554173,2013-01-24,94,5,1551,Spring Breakers
10987,Halloween: The Curse of Michael Myers,en,Horror,5000000,15116634,9.483717,1995-09-29,88,5,170,Halloween: The Curse of Michael Myers
1391,Y tu mamá también,es,Drama,5000000,33616692,16.890285,2001-06-08,106,7.3,315,Y Tu Mamá También
747,Shaun of the Dead,en,Horror,4000000,30039392,49.12486,2004-04-09,99,7.5,2420,Shaun of the Dead
14745,The Haunting of Molly Hartley,en,Drama,0,0,8.309894,2008-10-31,82,4.3,48,The Haunting of Molly Hartley
26748,Lone Star,en,Drama,5000000,13269963,5.960149,1996-06-21,135,6.9,77,Lone Star
11357,Halloween 4: The Return of Michael Myers,en,Horror,5000000,17768757,9.302349,1988-10-21,88,5.9,209,Halloween 4: The Return of Michael Myers
24913,April Fool's Day,en,Horror,5000000,0,8.190888,1986-03-27,89,5.8,73,April Fool's Day
13776,Diner,en,Comedy,0,0,5.87193,1982-04-02,110,6.9,83,Diner
14854,Lone Wolf McQuade,en,Action,5000000,12232628,8.452666,1983-04-14,107,5.5,67,Lone Wolf McQuade
50357,Apollo 18,en,Horror,5000000,25562924,17.028252,2011-07-20,86,5,356,Apollo 18
13090,Sunshine Cleaning,en,Comedy,5000000,16174377,19.336367,2008-01-18,102,6.5,255,Sunshine Cleaning
192141,No Escape,en,Action,5000000,54418872,38.006982,2015-08-26,103,6.7,777,No Escape
16441,The Beastmaster,en,Action,0,14056528,6.377523,1982-08-20,118,6,97,The Beastmaster
29996,Solomon and Sheba,en,Drama,5000000,12200000,0.835617,1959-12-25,139,5.4,8,Solomon and Sheba
351819,Fifty Shades of Black,en,Romance,20000000,21164799,14.947588,2016-01-28,92,4.3,331,Fifty Shades of Black
14834,Not Easily Broken,en,Drama,0,0,5.1299,2009-01-09,99,6.3,9,Not Easily Broken
22649,A Farewell to Arms,en,Drama,4,25,1.199451,1932-12-08,89,6.2,28,A Farewell to Arms
378200,The Perfect Match,en,Comedy,0,0,3.810827,2016-03-11,96,5.2,42,The Perfect Match
20455,Digimon: The Movie,en,Fantasy,5500000,0,3.7387,2000-03-17,82,6.2,72,Digimon: The Movie
13193,Saved!,en,Comedy,0,0,9.85123,2004-01-21,92,6.3,147,Saved!
11042,Les Invasions barbares,fr,Comedy,8000000,3432342,3.03091,2003-05-21,99,6.7,77,The Barbarian Invasions
10786,Robin and Marian,en,Action,0,0,3.199904,1976-03-11,106,6.6,50,Robin and Marian
12484,The Forsaken,en,Action,5000000,0,2.739307,2001-04-27,90,4.9,47,The Forsaken
17339,Force 10 from Navarone,en,Action,5000000,7230000,5.348446,1978-11-01,118,6.4,91,Force 10 from Navarone
11959,UHF,en,Comedy,5000000,0,4.070044,1989-07-21,97,6.7,89,UHF
9900,Grandma's Boy,en,Comedy,0,6538177,9.974681,2006-01-06,94,6.6,220,Grandma's Boy
14662,Slums of Beverly Hills,en,Comedy,5000000,0,6.308298,1998-08-14,91,6.5,44,Slums of Beverly Hills
335,C'era una volta il West,it,Western,5000000,5321508,49.333137,1968-12-21,175,8.1,1128,Once Upon a Time in the West
15745,Made,en,Action,5000000,5476060,4.149628,2001-07-13,94,6.3,55,Made
17431,Moon,en,Science Fiction,5000000,9760104,46.114184,2009-06-12,97,7.6,1794,Moon
21014,Keeping Up with the Steins,en,Comedy,0,0,3.562563,2006-05-12,90,5.2,18,Keeping Up with the Steins
78394,Sea Rex 3D: Journey to a Prehistoric World,en,Documentary,5000000,4074023,4.498368,2010-05-14,41,5.9,11,Sea Rex 3D: Journey to a Prehistoric World
10217,The Sweet Hereafter,en,Drama,5000000,3263585,7.673124,1997-05-14,112,6.8,103,The Sweet Hereafter
46332,Des hommes et des dieux,fr,Drama,4000000,41424067,4.992475,2010-05-18,120,6.5,91,Of Gods and Men
13996,Bottle Shock,en,Comedy,5000000,4040588,6.174435,2008-08-06,110,6.6,60,Bottle Shock
3028,Jekyll and Hyde ... Together Again,en,Comedy,0,0,0.805312,1982-11-10,87,4.6,5,Jekyll and Hyde ... Together Again
1024,Heavenly Creatures,en,Drama,5000000,3049135,8.753409,1994-09-02,99,7,294,Heavenly Creatures
343795,90 Minutes in Heaven,en,Drama,5000000,4842699,3.943706,2015-09-11,121,5.4,40,90 Minutes in Heaven
45658,Everything Must Go,en,Comedy,5000000,2614773,9.169411,2010-10-15,97,6,208,Everything Must Go
16148,Zero Effect,en,Comedy,5000000,1980338,2.732031,1998-01-30,116,6,55,Zero Effect
4553,The Machinist,en,Thriller,5000000,8203235,35.252056,2004-02-09,101,7.3,1247,The Machinist
36351,Light Sleeper,en,Drama,5000000,0,6.063868,1992-08-21,103,5.7,15,Light Sleeper
245916,Kill the Messenger,en,Thriller,5000000,2450846,21.343093,2014-10-09,112,6.6,355,Kill the Messenger
27585,Rabbit Hole,en,Drama,5000000,5129058,10.095184,2010-12-16,91,6.9,165,Rabbit Hole
1415,Party Monster,en,Comedy,5000000,742898,4.129165,2003-09-05,98,5.9,58,Party Monster
313922,Green Room,en,Horror,5000000,3220371,30.001024,2016-04-15,95,6.7,683,Green Room
14474,The Oh in Ohio,en,Comedy,5000000,0,6.759235,2006-03-30,88,5.8,27,The Oh in Ohio
199933,Atlas Shrugged Part III: Who is John Galt?,en,Drama,5000000,846704,1.731035,2014-09-12,99,3.9,15,Atlas Shrugged Part III: Who is John Galt?
13685,Bottle Rocket,en,Comedy,7000000,560069,11.700578,1996-02-21,91,6.8,281,Bottle Rocket
8744,Albino Alligator,en,Crime,6000000,0,2.388683,1996-09-09,97,5.6,45,Albino Alligator
38428,"Gandhi, My Father",hi,Drama,0,0,0.080704,2007-08-03,136,6,2,"Gandhi, My Father"
8847,Standard Operating Procedure,en,Documentary,0,0,0.888986,2008-02-12,117,6.6,14,Standard Operating Procedure
39269,Out of the Blue,en,Drama,0,0,0.679351,1980-05-01,94,6.5,17,Out of the Blue
46838,Tucker and Dale vs Evil,en,Comedy,5000000,5476793,19.940245,2010-01-22,89,7.3,847,Tucker and Dale vs Evil
51384,"Lovely, Still",en,Drama,0,0,1.286991,2008-01-01,92,6.2,13,"Lovely, Still"
56930,Tycoon,en,Action,0,0,0.042442,1947-12-27,128,6.6,4,Tycoon
41730,Desert Blue,en,Comedy,0,0,1.116206,1999-06-06,90,5.5,9,Desert Blue
18442,Decoys,en,Horror,5000000,0,3.05434,2004-02-27,95,4.7,33,Decoys
298312,The Visit,en,Horror,5000000,98450062,38.94708,2015-09-10,94,6,1360,The Visit
11600,Redacted,en,Drama,5000000,782102,3.792015,2007-01-01,90,6.2,37,Redacted
71547,Fascination,de,Romance,0,0,0.219799,2004-10-13,95,3.8,4,Fascination
57876,Area 51,en,Horror,5000000,0,7.794,2015-05-15,91,4.2,151,Area 51
77495,Mientras duermes,es,Thriller,5000000,0,9.136965,2011-10-14,107,7,202,Sleep Tight
13849,The Cottage,en,Horror,0,0,8.39685,2008-02-07,92,6.3,80,The Cottage
14849,Dead Like Me: Life After Death,en,Drama,0,0,7.864905,2009-02-17,87,5.8,65,Dead Like Me: Life After Death
12486,Farce of the Penguins,en,Comedy,0,0,1.963219,2006-12-01,80,3.2,13,Farce of the Penguins
19615,Flying By,en,Drama,0,0,1.546169,2009-01-01,95,7,2,Flying By
244403,Rudderless,en,Music,5000000,0,10.619574,2014-10-17,105,7.4,105,Rudderless
292481,Henry & Me,en,Family,5000000,0,0.999655,2014-08-18,67,3,3,Henry & Me
340816,Christmas Eve,en,Romance,0,0,1.985243,2015-12-04,95,6.1,24,Christmas Eve
78814,We Have Your Husband,en,TV Movie,0,0,0.102003,2011-11-12,89,5,3,We Have Your Husband
297596,Dying of the Light,en,Thriller,15000000,0,10.48009,2014-12-04,94,4.5,118,Dying of the Light
299552,Born Of War,en,Action,0,0,1.136568,2013-12-05,109,4.1,7,Born Of War
11935,Capricorn One,en,Drama,5000000,0,11.095219,1977-12-10,123,6.4,131,Capricorn One
113406,Should've Been Romeo,en,Comedy,0,0,0.40703,2012-04-28,0,0,0,Should've Been Romeo
447027,Running Forever,en,Family,0,0,0.028756,2015-10-27,88,0,0,Running Forever
290825,Yoga Hosers,en,Comedy,5000000,0,8.618793,2016-07-08,88,4.7,102,Yoga Hosers
361159,Navy Seals vs. Zombies,en,Horror,0,0,2.394613,2015-10-08,97,3.5,36,Navy Seals vs. Zombies
12555,Obsluhoval jsem anglického krále,cs,Comedy,0,0,2.387463,2006-12-19,120,7,22,I Served the King of England
31175,Soul Kitchen,de,Drama,5000000,17872796,5.461487,2009-09-09,99,7.1,116,Soul Kitchen
12498,Sling Blade,en,Drama,1000000,24475416,14.805264,1996-08-30,135,7.4,231,Sling Blade
77949,The Awakening,en,Horror,4798235,209696,25.30216,2011-08-17,107,6.3,458,The Awakening
1690,Hostel,en,Horror,4800000,80578934,38.83192,2005-01-06,94,5.7,887,Hostel
8435,A Cock and Bull Story,en,Comedy,0,0,3.500741,2005-07-17,94,6.2,43,A Cock and Bull Story
64720,Take Shelter,en,Thriller,5000000,3099314,19.807295,2011-11-25,120,7.1,471,Take Shelter
49365,Lady in White,en,Horror,0,0,1.435742,1988-04-22,112,6.3,25,Lady in White
11404,Driving Lessons,en,Drama,0,0,7.667888,2006-04-30,98,6.3,47,Driving Lessons
300706,Let's Kill Ward's Wife,en,Comedy,5000000,0,8.496364,2014-12-23,81,5.5,76,Let's Kill Ward's Wife
16337,The Texas Chainsaw Massacre 2,en,Horror,4700000,8025872,9.617777,1986-08-22,101,5.9,139,The Texas Chainsaw Massacre 2
11577,Pat Garrett & Billy the Kid,en,Western,4638783,11000000,4.495256,1973-05-23,106,7.2,65,Pat Garrett & Billy the Kid
77987,Only God Forgives,en,Drama,4800000,10337387,35.754865,2013-05-30,90,5.6,862,Only God Forgives
40185,Camping Sauvage,fr,Drama,0,0,0.20323,2005-10-13,80,4.8,4,Camping Sauvage
68202,Without Men,en,Comedy,4,0,0.28076,2011-06-29,83,4.6,8,Without Men
8981,Dear Frankie,en,Drama,0,0,3.11319,2004-05-18,105,7,46,Dear Frankie
10914,All Hat,en,Action,0,0,0.137535,2007-09-11,89,1,1,All Hat
50848,Le Nom des gens,fr,Drama,4600000,0,6.368933,2010-11-24,100,7.3,93,The Names of Love
166624,Treading Water,en,Drama,4700000,0,0.217538,2013-09-13,92,5.6,6,Treading Water
10822,Savage Grace,en,Drama,4600000,0,3.531877,2007-05-18,97,5.7,60,Savage Grace
10844,Out of the Blue,en,Drama,0,0,0.706355,2006-10-12,103,5.9,18,Out of the Blue
9336,Police Academy,en,Comedy,4500000,146198896,15.002502,1984-03-22,96,6.5,602,Police Academy
5689,The Blue Lagoon,en,Romance,4500000,58853106,22.585384,1980-07-05,104,5.8,408,The Blue Lagoon
712,Four Weddings and a Funeral,en,Comedy,6000000,254700832,29.834065,1994-03-09,117,6.6,632,Four Weddings and a Funeral
13342,Fast Times at Ridgemont High,en,Comedy,4500000,27092880,20.403344,1982-08-13,90,7,322,Fast Times at Ridgemont High
10339,Moby Dick,en,Adventure,4500000,10400000,5.224593,1956-06-27,116,6.9,89,Moby Dick
1429,25th Hour,en,Crime,15000000,13060843,30.196039,2002-12-16,135,7.2,629,25th Hour
9303,Bound,en,Crime,4500000,7011317,15.359952,1996-09-13,108,6.9,198,Bound
641,Requiem for a Dream,en,Crime,4500000,7390108,11.573034,2000-10-27,102,7.9,2443,Requiem for a Dream
27686,State Fair,en,Music,0,0,1.847822,1945-08-29,96,6.2,19,State Fair
65749,"Tango, no me dejes nunca",es,Drama,0,0,0.425551,1998-02-12,115,6.8,6,Tango
6106,Salvador,en,Drama,4500000,0,3.819796,1986-04-23,123,7,71,Salvador
252680,Moms' Night Out,en,Comedy,5000000,10429707,10.274542,2014-03-25,98,5.5,121,Moms' Night Out
141,Donnie Darko,en,Fantasy,6000000,1270522,61.210016,2001-01-18,113,7.7,3452,Donnie Darko
66607,Salvando al Soldado Perez,en,Action,0,0,0.177356,2011-03-18,105,6.1,18,Saving Private Perez
17139,Karakter,nl,Drama,4500000,0,0.011697,1997-04-17,122,7.7,25,Character
12079,Spun,en,Comedy,2000000,0,6.249262,2002-06-01,101,6.6,132,Spun
39800,Life During Wartime,en,Comedy,4500000,744816,3.108881,2009-10-10,97,6.3,30,Life During Wartime
4550,친절한 금자씨,ko,Drama,0,23803308,17.074843,2005-07-29,115,7.4,356,Sympathy for Lady Vengeance
62116,"Nannerl, la soeur de Mozart",fr,Drama,0,0,0.774442,2010-06-09,120,6.2,13,Mozart's Sister
9991,Mean Machine,en,Comedy,0,0,8.816995,2001-12-26,99,6,157,Mean Machine
13807,放‧逐,cn,Action,4500000,0,8.48639,2006-09-06,110,7,46,Exiled
68818,Blackthorn,en,Adventure,0,623528,5.223096,2011-08-31,98,6.6,73,Blackthorn
12093,Lilja 4-Ever,sv,Crime,0,0,7.759215,2002-08-23,109,7.7,139,Lilya 4-ever
36419,After.Life,en,Drama,4500000,3606395,14.570359,2010-04-09,104,5.4,251,After.Life
281730,Fugly,en,Comedy,0,0,0.371337,2014-06-13,134,5.3,2,Fugly
510,One Flew Over the Cuckoo's Nest,en,Drama,3000000,108981275,127.525581,1975-11-18,133,8.2,2919,One Flew Over the Cuckoo's Nest
362105,R.L. Stine's Monsterville: The Cabinet of Souls,en,Comedy,4400000,0,3.898737,2015-09-29,85,6.9,35,R.L. Stine's Monsterville: The Cabinet of Souls
10970,Silent Movie,en,Comedy,0,0,7.315935,1976-06-17,86,6.7,78,Silent Movie
375290,Airlift,hi,Thriller,4500000,32000000,2.551559,2016-01-22,126,7.3,57,Airlift
17663,Anne of Green Gables,en,Drama,0,0,8.772574,1985-12-01,199,8.2,68,Anne of Green Gables
270938,Falcon Rising,en,Adventure,0,0,6.988357,2014-09-05,103,5.5,71,Falcon Rising
116613,The Sweeney,en,Action,3730500,6294161,6.938854,2012-09-11,112,5.7,109,The Sweeney
11826,Sexy Beast,en,Crime,5000000,0,11.21273,2000-09-13,89,7,217,Sexy Beast
29920,Snabba Cash,sv,Drama,0,0,7.217328,2010-01-15,124,6.5,63,Easy Money
1088,Whale Rider,en,Drama,8000000,41400000,12.439495,2003-01-30,101,7.1,111,Whale Rider
26379,Paa,en,Drama,3250000,0,2.126139,2009-12-04,133,6.6,19,Paa
34069,Cargo,de,Thriller,0,0,10.142218,2009-09-24,120,5.9,140,Cargo
10947,High School Musical,en,Comedy,4200000,0,16.536374,2006-01-20,98,6.1,1000,High School Musical
47452,Love and Death on Long Island,en,Drama,0,0,0.933891,1997-01-01,93,6.9,11,Love and Death on Long Island
3040,Ночной дозор,ru,Fantasy,4200000,32000000,12.540624,2004-06-27,114,6.3,210,Night Watch
11386,The Crying Game,en,Romance,3705538,62548947,8.839651,1992-09-02,112,6.9,176,The Crying Game
10246,Porky's,en,Comedy,4000000,125728258,12.891276,1981-11-13,94,6.1,183,Porky's
29426,Survival of the Dead,en,Horror,4000000,0,10.789912,2010-05-06,90,4.6,116,Survival of the Dead
10331,Night of the Living Dead,en,Horror,114000,30000000,25.666029,1968-10-01,96,7.5,580,Night of the Living Dead
153,Lost in Translation,en,Drama,4000000,119723856,45.66662,2003-08-31,102,7.3,1895,Lost in Translation
703,Annie Hall,en,Comedy,4000000,38251425,35.892034,1977-04-19,93,7.8,1010,Annie Hall
27191,The Greatest Show on Earth,en,Action,4000000,36000000,8.988455,1952-01-10,152,6.6,50,The Greatest Show on Earth
1365,Monster's Ball,en,Drama,4000000,44909486,14.042041,2001-11-11,111,6.5,250,Monster's Ball
287424,Maggie,en,Horror,4000000,187112,40.016306,2015-05-08,95,5.2,593,Maggie
451,Leaving Las Vegas,en,Drama,3600000,49800000,22.030517,1995-10-27,112,7.1,360,Leaving Las Vegas
165864,Hansel and Gretel Get Baked,en,Horror,4500000,0,2.503612,2013-02-19,86,4.8,67,Hansel and Gretel Get Baked
987,The Front Page,en,Romance,4000000,0,4.117968,1974-12-01,105,6.9,68,The Front Page
241251,The Boy Next Door,en,Thriller,4000000,52425855,24.161735,2015-01-23,91,4.1,1022,The Boy Next Door
40494,Trapeze,en,Drama,4000000,14400000,1.379354,1956-05-30,105,6.4,22,Trapeze
39781,The Kids Are All Right,en,Comedy,3500000,34705850,15.338211,2010-07-09,106,6.5,506,The Kids Are All Right
8337,They Live,en,Action,4000000,13008928,29.852608,1988-11-23,94,7.1,550,They Live
5925,The Great Escape,en,Adventure,4000000,11744471,35.061467,1963-06-20,172,7.8,717,The Great Escape
8357,What the #$*! Do We (K)now!?,en,Documentary,0,10000000,7.288352,2004-04-23,109,5.8,34,What the #$*! Do We (K)now!?
146203,The Last Exorcism Part II,en,Horror,5000000,15179302,10.605752,2013-02-28,88,4.4,203,The Last Exorcism Part II
85350,Boyhood,en,Drama,4000000,44349000,43.40352,2014-06-05,164,7.5,1971,Boyhood
512,Scoop,en,Comedy,4000000,31584901,17.229537,2006-07-27,96,6.4,420,Scoop
13408,The Wash,en,Action,7000000,10229331,2.453459,2001-11-16,93,5.3,26,The Wash
47816,3 Strikes,en,Action,6000000,9000000,1.433692,2000-03-01,82,5.9,15,3 Strikes
10744,The Cooler,en,Drama,32000000,0,9.976428,2003-01-17,101,6.7,89,The Cooler
11536,The Misfits,en,Drama,4000000,8200000,2.930058,1961-01-01,124,6.8,72,The Misfits
9782,The Night Listener,en,Drama,0,0,7.173059,2006-02-12,91,5.5,57,The Night Listener
18713,The Jerky Boys,en,Comedy,0,0,1.735462,1995-02-03,82,4.8,10,The Jerky Boys
6537,El orfanato,es,Horror,0,44000000,29.071955,2007-08-27,105,7.1,633,The Orphanage
184345,A Haunted House 2,en,Comedy,0,0,18.428909,2014-04-17,87,5.4,346,A Haunted House 2
1809,The Rules of Attraction,en,Comedy,4000000,0,11.387335,2002-10-11,110,6.3,168,The Rules of Attraction
2370,Topaz,en,Action,4000000,6000000,5.975604,1969-12-18,143,6.1,77,Topaz
9809,Let's Go to Prison,en,Comedy,4000000,4630045,4.59841,2006-11-17,84,5.5,69,Let's Go to Prison
5,Four Rooms,en,Crime,4000000,4300000,22.87623,1995-12-09,98,6.5,530,Four Rooms
11013,Secretary,en,Comedy,4000000,9304609,19.107285,2002-01-11,104,6.7,376,Secretary
19153,The Real Cancun,en,Documentary,0,0,0.456485,2003-04-23,96,3.3,8,The Real Cancun
10132,Talk Radio,en,Drama,4000000,3468572,4.541908,1988-12-21,110,6.7,46,Talk Radio
16448,Waiting for Guffman,en,Music,0,0,4.348416,1996-01-31,84,7.3,63,Waiting for Guffman
15122,Love Stinks,en,Comedy,0,0,3.3478850000000002,1999-09-10,94,5.4,11,Love Stinks
8141,You Kill Me,en,Comedy,4000000,2426851,6.091951,2007-02-09,90,6.2,80,You Kill Me
1546,Thumbsucker,en,Comedy,0,1919197,4.757625,2005-01-23,96,6.1,67,Thumbsucker
48572,Red State,en,Horror,4000000,1104682,12.062371,2011-08-19,88,5.9,316,Red State
14517,Mirrormask,en,Fantasy,4000000,866999,7.758188,2005-01-25,101,6.6,102,Mirrormask
89708,Samsara,en,Drama,4000000,0,12.781973,2011-09-16,102,8,167,Samsara
27551,The Barbarians,en,Fantasy,0,0,1.631993,1987-03-01,87,5.1,8,The Barbarians
64678,The Art of Getting By,en,Drama,0,1406224,12.690224,2011-06-17,83,6.5,415,The Art of Getting By
309503,Zipper,en,Thriller,0,0,8.516229,2015-08-28,103,5.5,58,Zipper
14293,Poolhall Junkies,en,Comedy,0,0,5.90259,2002-06-07,99,6.5,25,Poolhall Junkies
15059,The Loss of Sexual Innocence,en,Drama,4000000,0,2.866934,1999-04-29,106,5.2,9,The Loss of Sexual Innocence
103328,Holy Motors,en,Drama,0,641100,9.140936,2012-07-02,115,6.9,228,Holy Motors
157847,Joe,en,Drama,4000000,2365467,22.987897,2014-04-11,118,6.5,338,Joe
25719,Shooting Fish,en,Crime,3000000,302204,1.204941,1997-08-22,109,7,23,Shooting Fish
48309,Prison,en,Crime,1300000,354704,7.605291,1988-03-04,102,6.7,27,Prison
27723,Psycho Beach Party,en,Comedy,1500000,0,2.855963,2000-08-06,95,6,26,Psycho Beach Party
20468,The Big Tease,en,Comedy,0,0,0.502396,1999-01-01,87,5.8,6,The Big Tease
242575,"Guten Tag, Ramón",en,Drama,4000000,0,1.771584,2013-10-18,119,8.1,18,"Guten Tag, Ramón"
44945,Trust,en,Crime,9500000,120000,21.230737,2010-09-10,104,6.6,307,Trust
29122,An Everlasting Piece,en,Comedy,0,0,0.068246,2000-12-22,103,6,1,An Everlasting Piece
125123,Among Giants,en,Comedy,0,0,0.541652,1998-06-24,93,4.5,2,Among Giants
111190,Adore,en,Drama,16000000,318982,18.790221,2013-04-03,100,6.1,291,Adore
133575,The Velocity of Gary,en,Drama,4000000,0,0.409089,1999-07-16,100,4.2,5,The Velocity of Gary
54580,Los lunes al sol,es,Drama,4000000,146402,3.663108,2002-09-27,113,7.1,36,Mondays in the Sun
52015,Stake Land,en,Drama,650000,33245,12.496261,2010-09-30,98,6.2,285,Stake Land
34941,The Last Time I Committed Suicide,en,Drama,0,0,0.596889,1997-06-20,92,6.7,7,The Last Time I Committed Suicide
227975,Praia do Futuro,pt,Drama,0,0,2.611364,2014-05-01,106,6.4,31,Futuro Beach
60422,Another Happy Day,en,Comedy,4000000,355688,3.238466,2011-11-18,119,6.2,37,Another Happy Day
81390,A Lonely Place to Die,en,Adventure,4000000,25345000,8.30723,2011-04-09,99,6.2,157,A Lonely Place to Die
10981,Nothing,en,Comedy,0,0,3.408955,2003-09-09,90,5.8,38,Nothing
225235,Географ глобус пропил,ru,Drama,0,4037782,1.876621,2013-07-26,120,7.3,23,The Geographer Drank His Globe Away
14902,1776,en,Drama,0,0,1.807571,1972-11-09,142,7.1,20,1776
121676,Inescapable,en,Thriller,0,0,6.783053,2012-09-14,93,5.2,13,Inescapable
22301,Hell's Angels,en,Action,3950000,8000000,8.484123,1930-11-15,127,6.1,19,Hell's Angels
20065,Purple Violets,en,Comedy,4000000,0,0.936232,2007-04-30,103,5.7,9,Purple Violets
257087,The Veil,en,Horror,4000000,0,12.822534,2016-04-21,93,4.5,118,The Veil
46420,The Loved Ones,en,Horror,0,0,4.989985,2009-09-13,84,6.6,207,The Loved Ones
114635,The Helpers,en,Horror,4000000,0,1.390659,2012-10-27,78,4.1,8,The Helpers
158150,How to Fall in Love,en,Comedy,4000000,0,1.923514,2012-07-21,0,5.2,20,How to Fall in Love
251979,The Perfect Wave,en,Romance,0,0,4.118612,2014-02-28,113,4.4,21,The Perfect Wave
874,A Man for All Seasons,en,Drama,3900000,28350000,9.541688,1966-12-12,120,7.5,89,A Man for All Seasons
10774,Network,en,Drama,3800000,23689877,17.234745,1976-11-01,121,7.7,381,Network
770,Gone with the Wind,en,Drama,4000000,400176459,48.98255,1939-12-15,238,7.7,970,Gone with the Wind
266102,Desert Dancer,en,Drama,0,0,1.972668,2014-07-03,98,6.5,18,Desert Dancer
29715,Major Dundee,en,War,3800000,14873,3.490215,1965-04-07,123,6.2,38,Major Dundee
25209,Annie Get Your Gun,en,Action,3768785,8000000,1.726175,1950-05-17,107,7.3,22,Annie Get Your Gun
37495,Four Lions,en,Comedy,967686,4270000,20.544999,2010-05-07,101,7,423,Four Lions
29262,Casa de Areia,pt,Drama,0,0,0.389471,2005-05-13,115,6.7,9,The House of Sand
34769,Defendor,en,Drama,3500000,44462,8.45342,2009-09-12,101,6.5,195,Defendor
35032,The Pirate,en,Music,3700000,2956000,0.90522,1948-06-11,102,6.6,17,The Pirate
5178,The Good Heart,en,Drama,3800000,0,2.201678,2009-09-11,95,6,21,The Good Heart
8618,The History Boys,en,Comedy,4000000,13401952,3.771652,2006-10-02,109,6.6,66,The History Boys
3116,Midnight Cowboy,en,Drama,3600000,44785053,21.119209,1969-05-25,113,7.4,299,Midnight Cowboy
9427,The Full Monty,en,Comedy,3500000,257850122,17.002623,1997-08-13,91,6.8,363,The Full Monty
813,Airplane!,en,Comedy,3500000,83453539,46.116885,1980-07-02,88,7.1,1074,Airplane!
352978,Chain of Command,en,Thriller,5000000,0,1.398981,2015-08-30,88,5.3,11,Chain of Command
10634,Friday,en,Comedy,3500000,28215918,25.5748,1995-04-26,91,7,503,Friday
9516,Menace II Society,en,Drama,3500000,27900000,3.418871,1993-05-26,97,7.2,173,Menace II Society
16288,Creepshow 2,en,Horror,3500000,14000000,10.729884,1987-05-01,92,5.9,129,Creepshow 2
23330,The Ballad of Cable Hogue,en,Action,3716946,5000000,2.676535,1970-05-13,121,6.9,47,The Ballad of Cable Hogue
18900,In Cold Blood,en,Crime,3500000,13007551,7.821438,1967-12-14,134,7.4,82,In Cold Blood
27029,The Nun's Story,en,Drama,3500000,12800000,3.281509,1959-06-18,149,7.4,46,The Nun's Story
26268,Harper,en,Action,3500000,12000000,2.938973,1966-02-23,121,6.2,35,Harper
573,Frenzy,en,Crime,3500000,12600000,10.219942,1972-05-25,116,7.1,158,Frenzy
310131,The Witch,en,Mystery,3500000,40423945,50.319662,2016-02-19,92,6.3,1434,The Witch
40505,I Got the Hook Up,en,Action,0,0,0.593068,1998-05-27,93,5.4,8,I Got the Hook Up
11363,She's the One,en,Comedy,3500000,9482579,8.406025,1996-08-26,96,5.7,70,She's the One
3033,Gods and Monsters,en,Drama,10000000,6451628,5.588652,1998-01-21,105,6.8,81,Gods and Monsters
25376,El secreto de sus ojos,es,Crime,2000000,33965843,25.894065,2009-08-13,129,7.8,626,The Secret in Their Eyes
22007,Train,en,Horror,0,0,3.280081,2008-10-16,94,4.8,36,Train
765,Evil Dead II,en,Horror,3600000,5923044,35.674774,1987-03-13,84,7.6,742,Evil Dead II
10615,Pootie Tang,en,Action,0,0,3.115754,2001-06-29,81,5.4,43,Pootie Tang
205321,Sharknado,en,TV Movie,1000000,0,20.466433,2013-07-11,86,3.8,476,Sharknado
89540,La otra conquista,es,Drama,0,0,0.015597,1999-04-01,105,5.4,4,The Other Conquest
46146,Trolljegeren,nb,Fantasy,3500000,4159678,12.982319,2010-10-29,103,6.7,583,Troll Hunter
38007,Ira & Abby,en,Comedy,0,0,0.595136,2006-01-01,104,5.8,9,Ira & Abby
14256,Winter Passing,en,Comedy,3500000,113783,3.643608,2006-02-07,98,6.7,28,Winter Passing
540,D.E.B.S.,en,Action,3500000,0,6.396936,2004-01-21,91,5.6,90,D.E.B.S.
370464,The Masked Saint,en,Crime,0,0,0.909067,2016-01-08,111,2.9,7,The Masked Saint
20055,The Betrayed,en,Crime,3500000,0,1.348114,2008-09-27,98,5.2,10,The Betrayed
224569,Taxman,en,Action,0,0,0.964802,1999-09-16,104,2,1,Taxman
395766,The Secret,en,Drama,0,0,0.042346,2016-04-29,200,0,0,The Secret
39303,2:13,en,Horror,3500000,0,1.271621,2009-04-25,96,4.6,10,2:13
142061,"Batman: The Dark Knight Returns, Part 2",en,Action,3500000,0,25.891466,2013-01-18,78,7.9,419,"Batman: The Dark Knight Returns, Part 2"
370662,Time to Choose,en,Documentary,3500000,0,1.618138,2015-09-04,100,0,0,Time to Choose
252360,In the Name of the King III,en,Action,3500000,0,4.304341,2013-12-27,85,3.3,19,In the Name of the King III
256740,Wicked Blood,en,Action,3500000,0,3.158056,2014-03-04,92,5.3,37,Wicked Blood
299145,Dawn Patrol,en,Drama,0,0,3.230779,2015-06-05,86,5,11,Stranded
241766,Lords of London,en,Crime,3440000,0,1.913302,2014-01-06,90,3.6,6,Lords of London
12535,High Anxiety,en,Comedy,3400000,31063038,5.690619,1977-12-25,94,6.5,84,High Anxiety
1667,La Marche de l'empereur,fr,Documentary,8000000,127392239,17.537154,2005-01-26,80,6.9,358,March of the Penguins
50839,Margin Call,en,Thriller,3500000,19504039,26.259389,2011-09-28,107,6.7,524,Margin Call
86549,August,en,Drama,0,0,1.419431,2011-06-09,100,6.2,15,August
13973,Choke,en,Comedy,3000000,3830137,11.637458,2008-09-26,92,6,127,Choke
244786,Whiplash,en,Drama,3300000,13092000,192.528841,2014-10-10,105,8.3,4254,Whiplash
598,Cidade de Deus,pt,Drama,3300000,30641770,44.356711,2002-02-05,130,8.1,1814,City of God
11129,Human Traffic,en,Comedy,600000,4000000,4.859873,1999-06-04,99,6.8,97,Human Traffic
75861,To Write Love on Her Arms,en,Drama,3400000,0,6.723057,2015-03-13,118,6.8,47,To Write Love on Her Arms
13551,The Dead Girl,en,Mystery,0,0,3.069605,2006-11-07,85,6.4,66,The Dead Girl
103663,Jagten,da,Drama,3800000,16800000,21.826888,2012-08-28,115,7.9,927,The Hunt
850,A Christmas Story,en,Comedy,0,19294144,15.128316,1983-11-18,94,7.4,344,A Christmas Story
12586,Bella,en,Drama,0,0,1.814802,2006-09-09,91,6.7,37,Bella
11564,Class of 1984,en,Action,4300000,0,5.643023,1982-08-20,98,6.2,66,Class of 1984
301748,Opposite Sex,en,Comedy,3300000,45000,2.964785,2014-11-08,96,4.1,9,The Opposite Sex
108346,Dreaming of Joseph Lees,en,Romance,2000000,7,0.11615,1999-10-29,92,8,1,Dreaming of Joseph Lees
8841,Entre les murs,fr,Drama,0,28814580,13.437038,2008-09-24,128,6.8,174,The Class
805,Rosemary's Baby,en,Horror,3200000,33395426,26.180367,1968-06-12,136,7.5,863,Rosemary's Baby
11697,The Man Who Shot Liberty Valance,en,Western,3200000,8000000,11.735287,1962-04-22,123,7.4,265,The Man Who Shot Liberty Valance
22051,Adam,en,Drama,0,2277396,8.308442,2009-07-29,99,6.9,150,Adam
436,"María, llena eres de gracia",es,Drama,0,0,3.027892,2004-01-18,101,6.9,101,Maria Full of Grace
55347,Beginners,en,Drama,3200000,5332926,11.933449,2010-09-11,105,6.8,347,Beginners
10070,Feast,en,Action,0,658573,8.825113,2005-10-14,95,6.1,160,Feast
8469,Animal House,en,Comedy,2700000,141000000,17.332585,1978-07-27,109,7,418,Animal House
658,Goldfinger,en,Adventure,2500000,124881062,47.812466,1964-09-17,110,7.2,987,Goldfinger
125490,Antiviral,en,Science Fiction,2400000,0,11.753553,2012-09-19,110,5.7,112,Antiviral
1585,It's a Wonderful Life,en,Drama,3180000,9644124,42.868495,1946-12-20,130,8,1076,It's a Wonderful Life
627,Trainspotting,en,Drama,4000000,16491080,63.513324,1996-02-23,93,7.8,2655,Trainspotting
23618,The Original Kings of Comedy,en,Comedy,0,0,1.918959,2000-08-18,115,6.3,15,The Original Kings of Comedy
41436,Paranormal Activity 2,en,Horror,3000000,177512032,22.789649,2010-10-20,91,5.7,722,Paranormal Activity 2
10162,Waking Ned,en,Comedy,0,0,5.735912,1998-09-15,91,7.4,54,Waking Ned
1430,Bowling for Columbine,en,Documentary,4000000,35564473,11.414843,2002-10-09,120,7.3,453,Bowling for Columbine
259943,归来,zh,Drama,0,0,6.017273,2014-05-16,111,6.9,49,Coming Home
10014,A Nightmare on Elm Street Part 2: Freddy's Revenge,en,Horror,3000000,29999213,21.607228,1985-10-31,87,5.7,361,A Nightmare on Elm Street Part 2: Freddy's Revenge
11257,A Room with a View,en,Drama,3000000,20966644,7.961559,1985-12-13,117,6.9,156,A Room with a View
158015,The Purge,en,Science Fiction,3000000,89328627,54.403033,2013-05-31,86,6,2428,The Purge
82507,Sinister,en,Horror,3000000,77712439,41.045084,2012-03-29,110,6.7,1573,Sinister
20337,Martin Lawrence Live: Runteldat,en,Comedy,3000000,19184015,0.295226,2002-08-01,113,5,1,Martin Lawrence Live: Runteldat
261,Cat on a Hot Tin Roof,en,Drama,3000000,17570324,16.553594,1958-02-17,108,7.6,165,Cat on a Hot Tin Roof
1685,Beneath the Planet of the Apes,en,Adventure,3000000,18999718,24.393296,1970-05-01,95,6.2,361,Beneath the Planet of the Apes
20737,Air Bud,en,Comedy,3000000,23144499,11.241802,1997-08-01,98,5.3,106,Air Bud
10991,Pokémon 3: The Movie,ja,Adventure,16000000,68411275,9.18885,2000-07-08,93,5.9,137,Pokémon: Spell of the Unknown
10225,Friday the 13th Part VI: Jason Lives,en,Horror,3000000,19472057,11.158167,1986-08-01,86,5.7,216,Friday the 13th Part VI: Jason Lives
826,The Bridge on the River Kwai,en,Drama,3000000,33300000,23.109959,1957-10-02,161,7.7,542,The Bridge on the River Kwai
34086,Spaced Invaders,en,Comedy,3000000,15369573,1.586598,1990-04-27,100,4.7,25,Spaced Invaders
5854,Family Plot,en,Comedy,2000000,7900000,3.832858,1976-04-09,121,6.7,86,Family Plot
284,The Apartment,en,Comedy,3000000,25000000,22.889294,1960-06-15,125,8.1,483,The Apartment
10285,Jason Goes to Hell: The Final Friday,en,Fantasy,3000000,15938065,10.341982,1993-08-13,87,4.2,193,Jason Goes to Hell: The Final Friday
5780,Torn Curtain,en,Mystery,3000000,13000000,7.924982,1966-07-13,128,6.4,120,Torn Curtain
292,Dave Chappelle's Block Party,en,Comedy,3000000,11718595,1.697846,2005-09-12,100,6.4,28,Dave Chappelle's Block Party
223485,Slow West,en,Romance,0,229094,14.936661,2015-04-16,84,6.6,367,Slow West
29463,Krush Groove,en,Drama,3000000,0,0.720091,1985-10-25,97,7,11,Krush Groove
18065,Next Day Air,en,Action,0,0,2.747402,2009-02-06,84,5.3,36,Next Day Air
22013,Elmer Gantry,en,Drama,3000000,10400000,6.734965,1960-06-19,146,7.3,41,Elmer Gantry
821,Judgment at Nuremberg,en,Drama,3000000,10000000,13.338539,1961-12-01,186,7.6,155,Judgment at Nuremberg
53862,Trippin',en,Comedy,0,9016377,0.185373,1999-05-12,94,4.5,4,Trippin'
3089,Red River,en,Western,3000000,9012000,5.344815,1948-08-26,133,7.3,82,Red River
30139,Phat Girlz,en,Comedy,0,0,0.982624,2006-01-01,99,3.7,10,Phat Girlz
132344,Before Midnight,en,Romance,3000000,11176469,23.299907,2013-04-05,108,7.4,568,Before Midnight
15582,Teen Wolf Too,en,Comedy,0,0,4.103764,1987-11-20,95,3.8,46,Teen Wolf Too
15158,Phantasm II,en,Action,3000000,7282851,5.003615,1988-07-08,97,6.3,94,Phantasm II
44634,Woman Thou Art Loosed,en,Drama,3000000,6804016,0.019984,2004-09-30,94,5,3,Woman Thou Art Loosed
30309,Real Women Have Curves,en,Comedy,0,0,1.026243,2002-01-01,86,5.8,19,Real Women Have Curves
7509,Water,en,Drama,0,10422387,2.787375,2005-09-08,115,6.8,34,Water
10557,East Is East,en,Comedy,3800000,28200000,3.667372,1999-05-14,97,6.5,59,East Is East
23531,Whipped,en,Comedy,3000000,0,2.144354,2000-09-01,82,3.1,11,Whipped
28005,Kama Sutra - A Tale of Love,en,Drama,3000000,4109095,3.937939,1996-09-11,117,5.7,35,Kama Sutra - A Tale of Love
40247,Please Give,en,Comedy,3000000,0,5.325156,2010-01-22,90,6,57,Please Give
252,Willy Wonka & the Chocolate Factory,en,Family,3000000,4000000,23.981601,1971-06-29,100,7.4,798,Willy Wonka & the Chocolate Factory
24126,Warlock: The Armageddon,en,Fantasy,0,0,3.107149,1993-05-01,98,5.2,38,Warlock: The Armageddon
13982,8 Heads in a Duffel Bag,en,Comedy,0,0,5.016607,1997-04-18,95,5.4,39,8 Heads in a Duffel Bag
16642,Days of Heaven,en,Drama,0,0,13.857194,1978-09-13,94,7.6,234,Days of Heaven
17734,Thirteen Conversations About One Thing,en,Drama,0,0,6.997495,2001-09-02,104,6.4,25,Thirteen Conversations About One Thing
18892,Jawbreaker,en,Comedy,3000000,3076820,4.337685,1999-01-30,87,5.9,90,Jawbreaker
549,Basquiat,en,Drama,2962051,3011195,3.636634,1996-08-09,108,6.6,94,Basquiat
121986,Frances Ha,en,Comedy,0,4069826,15.492257,2013-05-17,86,7.2,345,Frances Ha
868,Tsotsi,af,Crime,3000000,9879971,2.504169,2005-08-18,94,6.9,94,Tsotsi
10683,Happiness,en,Comedy,3000000,2807390,10.757539,1998-10-16,139,7.4,194,Happiness
17995,DysFunktional Family,en,Comedy,0,0,1.580027,2003-04-04,89,6.1,4,DysFunktional Family
246403,Tusk,en,Comedy,2800000,1826705,15.754614,2014-09-19,102,5.1,366,Tusk
670,올드보이,ko,Drama,3000000,14980005,56.76349,2003-01-01,120,8,1945,Oldboy
35691,Letters to God,en,Action,0,0,3.644872,2010-04-09,110,6.5,37,Letters to God
49010,Hobo with a Shotgun,en,Action,3000000,748453,16.900433,2011-05-06,86,5.7,211,Hobo with a Shotgun
317930,Compadres,es,Action,3000000,0,1.569246,2016-03-31,101,5.2,17,Compadres
11229,Freeway,en,Comedy,3000000,0,4.682881,1996-08-23,110,6.5,95,Freeway
22488,Love's Abiding Joy,en,TV Movie,0,0,1.128559,2006-10-06,87,5.8,12,Love's Abiding Joy
24469,Fish Tank,en,Drama,3000000,2357852,12.68672,2009-05-14,123,6.9,250,Fish Tank
82533,Damsels in Distress,en,Comedy,0,0,3.750338,2012-04-06,99,5.6,67,Damsels in Distress
50942,Creature,en,Horror,0,0,2.857848,1998-05-17,176,4,21,Creature
84174,Bachelorette,en,Comedy,3000000,11947954,20.95282,2012-08-06,87,5.3,444,Bachelorette
34099,Brave New Girl,en,Drama,0,0,0.18094,2004-04-25,120,3.7,3,Brave New Girl
79940,Tim and Eric's Billion Dollar Movie,en,Comedy,0,0,1.75311,2012-03-02,94,5.2,34,Tim and Eric's Billion Dollar Movie
342,Sommersturm,de,Comedy,2700000,0,3.120747,2004-09-02,98,6.7,59,Summer Storm
281230,Fort McCoy,en,War,0,0,0.384496,2014-01-01,0,6.3,2,Fort McCoy
38033,Chain Letter,en,Horror,0,0,2.504156,2010-10-01,96,3.9,37,Chain Letter
100975,Just Looking,en,Drama,3000000,0,0.431332,1999-10-21,97,5.8,5,Just Looking
38541,The Divide,en,Science Fiction,3000000,22000,11.882563,2011-03-13,112,5.7,197,The Divide
39563,The Eclipse,en,Drama,0,0,9.342465,2009-04-24,88,6.1,15,The Eclipse
234212,Demonic,en,Thriller,3000000,3387000,12.564554,2015-02-12,83,4.9,148,Demonic
27404,My Big Fat Independent Movie,en,Comedy,0,0,0.68822,2005-03-04,80,3,5,My Big Fat Independent Movie
170480,The Deported,en,Comedy,0,0,0.194848,2010-06-15,90,0,0,The Deported
71866,Tanner Hall,en,Drama,0,0,2.015525,2009-09-14,96,5.4,32,Tanner Hall
192210,Open Road,en,Action,3000000,0,2.680629,2013-04-12,85,5.2,18,Open Road
180296,They Came Together,en,Comedy,0,0,12.036888,2014-06-27,84,5.3,171,They Came Together
157058,30 Nights of Paranormal Activity With the Devil Inside the Girl With the Dragon Tattoo,en,Comedy,0,0,1.737032,2013-01-14,80,2.9,28,30 Nights of Paranormal Activity With the Devil Inside the Girl With the Dragon Tattoo
70006,Never Back Down 2: The Beatdown,en,Drama,3000000,0,9.249229,2011-09-13,90,5.8,136,Never Back Down 2: The Beatdown
26039,Point Blank,en,Action,2500000,3200000,5.164423,1967-08-30,92,7.1,95,Point Blank
79587,Four Single Fathers,en,Drama,3,0,0.008263,2009-01-15,100,0,0,Four Single Fathers
176077,Enter the Dangerous Mind,en,Thriller,0,0,1.998826,2013-03-11,88,4.8,14,Enter the Dangerous Mind
260947,Something Wicked,en,Mystery,3000000,0,1.968679,2014-04-04,95,4.6,16,Something Wicked
342502,AWOL-72,en,Thriller,3000000,0,1.141463,2015-08-07,79,2.8,10,AWOL-72
191229,Iguana,en,NA,0,0,0.214704,1988-04-01,88,6,1,Iguana
43213,Chicago Overcoat,en,Action,3200000,0,1.034844,2009-10-10,95,6.1,5,Chicago Overcoat
44594,Barry Munday,en,Comedy,0,0,1.975941,2010-03-13,95,6.3,22,Barry Munday
666,Central do Brasil,pt,Drama,2900000,5596708,5.928937,1998-01-16,113,7.6,126,Central Station
248,Pocketful of Miracles,en,Comedy,2900000,5000000,3.370225,1961-12-18,136,7.3,25,Pocketful of Miracles
325173,Close Range,en,Crime,0,0,5.485217,2015-12-11,80,4.9,54,Close Range
55831,Boynton Beach Club,en,Comedy,0,0,0.18887,2005-08-05,105,6.8,3,Boynton Beach Club
351043,Amnesiac,en,Thriller,3000000,0,3.077885,2015-08-14,90,4.1,52,Amnesiac
43942,Freakonomics,en,Documentary,3000000,103735,1.781462,2010-10-01,93,6.6,36,Freakonomics
10226,Haute tension,fr,Horror,0,0,4.952983,2003-06-18,91,6.6,271,High Tension
66942,Griff the Invisible,en,Romance,2902660,0,1.35088,2011-08-19,93,6.1,34,Griff the Invisible
356483,Unnatural,en,Thriller,0,0,0.687656,2015-10-16,89,4.3,12,Unnatural
10476,Hustle & Flow,en,Drama,8000000,23563727,6.39503,2005-07-22,116,6.9,99,Hustle & Flow
239,Some Like It Hot,en,Comedy,2883848,25000000,39.30982,1959-03-18,122,8,808,Some Like It Hot
10281,Friday the 13th Part VII: The New Blood,en,Horror,2800000,19170001,9.070842,1988-05-13,88,5.3,192,Friday the 13th Part VII: The New Blood
630,The Wizard of Oz,en,Adventure,2777000,33754967,67.417542,1939-08-15,102,7.4,1642,The Wizard of Oz
3034,Young Frankenstein,en,Comedy,2800000,86273333,36.444894,1974-12-15,106,7.7,854,Young Frankenstein
13025,Diary of the Dead,en,Horror,2000000,5364858,15.351412,2007-09-08,95,5.4,190,Diary of the Dead
21461,Lage Raho Munna Bhai,en,Comedy,0,0,2.436019,2006-01-01,144,7.6,44,Lage Raho Munna Bhai
55306,Ulee's Gold,en,Drama,0,0,0.93392,1997-06-13,112,6.5,19,Ulee's Gold
17264,The Black Stallion,en,Adventure,2700000,37799643,11.35972,1979-10-17,118,7,59,The Black Stallion
346081,Sardaarji,en,NA,0,0,0.296981,2015-06-26,0,9.5,2,Sardaarji
16016,Rejsen til Saturn,en,Action,0,0,1.776624,2008-09-26,90,4.9,10,Journey to Saturn
15875,Donovan's Reef,en,Adventure,2686000,6600000,1.897263,1963-06-12,109,6,30,Donovan's Reef
5900,De jurk,nl,Comedy,0,0,0.144031,1996-03-21,103,7,3,The Dress
43306,A Guy Named Joe,en,Drama,2627000,5363000,0.531444,1944-03-01,120,6,8,A Guy Named Joe
11072,Blazing Saddles,en,Western,2600000,119500000,22.793929,1974-02-07,93,7.2,609,Blazing Saddles
9730,Friday the 13th: The Final Chapter,en,Horror,2600000,32980880,14.013414,1984-04-13,91,5.9,237,Friday the 13th: The Final Chapter
209274,Ida,pl,Drama,2159280,10700000,13.265432,2013-10-25,80,7.1,260,Ida
