id,original_title,original_language,genre,budget,revenue,popularity,release_date,runtime,vote_average,vote_count,title
47327,Drive Angry,en,Fantasy,50000000,28931401,30.387148,2011-02-24,105,5.3,600,Drive Angry
15268,Street Fighter: The Legend of Chun-Li,en,Action,50000000,12764201,8.139676,2009-02-27,97,3.9,112,Street Fighter: The Legend of Chun-Li
10796,The One,en,Action,49000000,72700000,21.746245,2001-11-02,87,5.7,437,The One
9548,The Adventures of Ford Fairlane,en,Action,49000000,20423389,2.808428,1990-07-11,104,6.2,71,The Adventures of Ford Fairlane
18947,The Boat That Rocked,en,Drama,50000000,36348784,31.02233,2009-04-01,116,7.2,666,The Boat That Rocked
1900,Traffic,en,Thriller,48000000,207515725,25.170217,2000-12-27,147,6.9,562,Traffic
89,Indiana Jones and the Last Crusade,en,Adventure,48000000,474171806,80.972475,1989-05-24,127,7.6,3152,Indiana Jones and the Last Crusade
96724,Anna Karenina,en,Drama,0,68929150,26.38704,2012-09-06,130,6.5,639,Anna Karenina
198184,Chappie,en,Crime,49000000,104399548,116.700319,2015-03-04,120,6.6,3062,Chappie
9481,The Bone Collector,en,Drama,73000000,151493655,33.884459,1999-11-04,118,6.5,826,The Bone Collector
4547,Panic Room,en,Crime,48000000,196397415,53.043124,2002-03-29,111,6.5,1267,Panic Room
53953,The Tooth Fairy,de,Horror,0,0,0.716764,2006-08-08,0,4.3,13,The Tooth Fairy
6415,Three Kings,en,Action,75000000,108000000,34.973086,1999-09-27,114,6.6,692,Three Kings
181283,Child 44,en,Crime,50000000,3324330,40.371098,2015-03-15,137,6.1,547,Child 44
9896,Rat Race,en,Adventure,48000000,85498534,18.60049,2001-07-30,112,6,518,Rat Race
167,K-PAX,en,Drama,48000000,50315140,30.920075,2001-10-22,120,7.1,695,K-PAX
11232,Kate & Leopold,en,Comedy,0,0,11.940711,2001-12-25,118,6,418,Kate & Leopold
1636,Bedazzled,en,Fantasy,48000000,90383208,19.348007,2000-10-19,93,5.6,512,Bedazzled
2148,The Cotton Club,en,Music,58000000,25928721,8.59075,1984-12-14,127,6.6,68,The Cotton Club
5176,3:10 to Yuma,en,Western,55000000,70016220,48.801089,2007-09-06,122,6.9,1188,3:10 to Yuma
260346,Taken 3,en,Thriller,48000000,325771424,88.844777,2014-12-16,109,6.1,2200,Taken 3
1389,Out of Sight,en,Romance,48000000,77745568,16.000178,1998-06-26,123,6.5,333,Out of Sight
9894,The Cable Guy,en,Comedy,47000000,102825796,19.525659,1996-06-10,96,5.7,594,The Cable Guy
7504,1947: Earth,hi,Drama,0,528972,1.246883,1998-09-16,101,6.6,9,Earth
8592,Dick Tracy,en,Adventure,47000000,103738726,7.859226,1990-06-15,103,5.9,251,Dick Tracy
913,The Thomas Crown Affair,en,Drama,48000000,124305181,18.102572,1999-08-06,113,6.6,339,The Thomas Crown Affair
11091,Riding in Cars with Boys,en,Comedy,48000000,35743308,7.226115,2001-10-19,132,6.5,103,Riding in Cars with Boys
1368,First Blood,en,Action,15000000,125212904,63.071046,1982-10-22,93,7.2,1488,First Blood
593,Солярис,ru,Drama,0,0,24.132271,1972-03-20,167,7.7,357,Solaris
5393,Happily N'Ever After,en,Animation,47000000,38085778,10.410933,2006-09-14,75,4.6,104,Happily N'Ever After
9095,Mary Reilly,en,Drama,47000000,12379402,6.067212,1996-02-23,104,5.7,74,Mary Reilly
8874,My Best Friend's Wedding,en,Comedy,38000000,299288605,15.401855,1997-06-19,105,6.3,584,My Best Friend's Wedding
11467,America's Sweethearts,en,Comedy,0,0,10.698929,2001-07-17,102,5.5,252,America's Sweethearts
320,Insomnia,en,Crime,46000000,113714830,41.322708,2002-05-24,118,6.8,1148,Insomnia
199,Star Trek: First Contact,en,Science Fiction,46000000,150000000,25.6713,1996-11-21,111,7,661,Star Trek: First Contact
20533,Jonah Hex,en,Action,47000000,10539000,22.581313,2010-06-18,80,4.4,420,Jonah Hex
10684,Courage Under Fire,en,Drama,46000000,100860818,12.971122,1996-07-04,117,6.2,232,Courage Under Fire
1624,Liar Liar,en,Comedy,45000000,181000000,26.721386,1997-03-21,86,6.4,1424,Liar Liar
325789,The Infiltrator,en,Crime,25000000,15436808,24.672234,2016-07-13,127,6.6,573,The Infiltrator
113464,Inchon,en,Drama,46000000,5200000,0.146783,1981-05-04,140,6.5,2,Inchon
888,The Flintstones,en,Fantasy,46000000,341631208,28.964162,1994-05-26,91,5,543,The Flintstones
82675,Taken 2,en,Action,45000000,376141306,49.353524,2012-09-27,91,6.1,2757,Taken 2
4256,Scary Movie 3,en,Comedy,48000000,220673217,36.585509,2003-10-24,84,5.8,912,Scary Movie 3
1493,Miss Congeniality,en,Comedy,45000000,212000000,32.624355,2000-12-14,111,6.1,961,Miss Congeniality
88751,Journey to the Center of the Earth,en,Action,45000000,101702060,53.090422,2008-07-10,93,5.8,1309,Journey to the Center of the Earth
11130,The Princess Diaries 2: Royal Engagement,en,Comedy,40000000,95149435,30.002907,2004-08-06,113,6,697,The Princess Diaries 2: Royal Engagement
9944,The Pelican Brief,en,Drama,45000000,195268056,17.923254,1993-12-16,141,6.3,371,The Pelican Brief
10731,The Client,en,Drama,45000000,117615211,17.746719,1994-07-20,119,6.4,278,The Client
7350,The Bucket List,en,Drama,45000000,175372502,31.305336,2007-12-25,97,7,1111,The Bucket List
9869,Patriot Games,en,Drama,45000000,178051587,19.637704,1992-06-04,117,6.3,433,Patriot Games
4379,Monster-in-Law,en,Romance,43000000,154749918,10.411996,2005-05-13,101,5.6,406,Monster-in-Law
146233,Prisoners,en,Drama,46000000,122126687,88.496873,2013-09-18,153,7.9,3085,Prisoners
2034,Training Day,en,Action,45000000,104876233,52.081131,2001-10-05,122,7.3,1634,Training Day
926,Galaxy Quest,en,Comedy,45000000,90683916,30.816341,1999-12-23,102,6.9,710,Galaxy Quest
4248,Scary Movie 2,en,Comedy,45000000,141220678,35.376971,2001-07-04,83,5.4,982,Scary Movie 2
64328,The Muppets,en,Comedy,45000000,165184237,17.047276,2011-11-22,103,6.5,501,The Muppets
36647,Blade,en,Horror,45000000,131183530,43.815492,1998-08-21,120,6.5,1905,Blade
7214,Coach Carter,en,Drama,30000000,76669806,23.234651,2005-01-14,136,7.3,496,Coach Carter
1537,Changing Lanes,en,Action,45000000,94935764,17.270539,2002-04-07,89,5.9,299,Changing Lanes
9360,Anaconda,en,Adventure,45000000,136885767,27.684779,1997-04-11,89,4.7,610,Anaconda
6282,Coyote Ugly,en,Comedy,45000000,113916474,26.79781,2000-07-30,100,5.8,575,Coyote Ugly
508,Love Actually,en,Comedy,40000000,244931766,37.073127,2003-09-07,135,7,1869,Love Actually
9487,A Bug's Life,en,Adventure,120000000,363258859,87.350802,1998-11-25,95,6.8,2303,A Bug's Life
768,From Hell,en,Horror,35000000,74558115,26.134678,2001-10-19,122,6.6,741,From Hell
2636,The Specialist,en,Action,45000000,170362582,16.582709,1994-10-07,110,5.5,313,The Specialist
10478,Tin Cup,en,Comedy,45000000,53854588,10.731574,1996-08-16,135,5.9,150,Tin Cup
27983,"Yours, Mine and Ours",en,Comedy,0,0,2.094151,1968-04-24,111,6.2,26,"Yours, Mine and Ours"
9981,Kicking & Screaming,en,Romance,45000000,56070433,8.99269,2005-05-13,95,5.6,176,Kicking & Screaming
7453,The Hitchhiker's Guide to the Galaxy,en,Adventure,50000000,104478416,51.742065,2005-01-15,109,6.6,1315,The Hitchhiker's Guide to the Galaxy
15045,Fat Albert,en,Comedy,0,0,7.157635,2004-12-12,93,4.3,69,Fat Albert
7737,Resident Evil: Extinction,en,Horror,45000000,148412065,12.06538,2007-09-20,94,6.1,1292,Resident Evil: Extinction
232672,Blended,en,Comedy,40000000,123494610,44.120328,2014-05-21,117,6.6,1006,Blended
17379,Last Holiday,en,Adventure,45000000,38399961,6.156015,2006-01-13,112,6.4,119,Last Holiday
8987,The River Wild,en,Action,45000000,0,12.362876,1994-09-30,111,6.1,210,The River Wild
11359,The Indian in the Cupboard,en,Adventure,45000000,0,11.095914,1995-07-14,96,5.9,134,The Indian in the Cupboard
82525,Savages,en,Crime,45000000,82966152,31.856589,2012-07-06,131,6.2,766,Savages
9759,Cellular,en,Action,25000000,56422687,24.459948,2004-09-06,94,6.1,537,Cellular
9486,Johnny English,en,Adventure,40000000,160583018,28.029015,2003-04-06,88,6,852,Johnny English
9906,The Ant Bully,en,Fantasy,50000000,55181129,20.239061,2006-07-27,88,5.5,366,The Ant Bully
841,Dune,en,Action,40000000,30925690,25.876582,1984-12-14,137,6.5,562,Dune
4688,Across the Universe,en,Adventure,0,0,11.872841,2007-09-14,133,7.1,410,Across the Universe
4148,Revolutionary Road,en,Drama,35000000,75225693,20.360549,2008-12-19,119,6.7,796,Revolutionary Road
2207,16 Blocks,en,Action,55000000,65664721,32.31022,2006-03-01,105,6.2,661,16 Blocks
9381,Babylon A.D.,en,Action,70000000,72108608,27.568194,2008-08-20,101,5.4,676,Babylon A.D.
9625,The Glimmer Man,en,Action,45000000,0,6.250282,1996-10-04,92,4.7,100,The Glimmer Man
9304,Multiplicity,en,Comedy,45000000,0,11.120344,1996-07-19,117,5.5,154,Multiplicity
20856,Aliens in the Attic,en,Adventure,45000000,57881056,13.707183,2009-07-31,86,5.3,244,Aliens in the Attic
5955,The Pledge,en,Crime,35000000,29400000,12.495436,2001-01-09,123,6.5,215,The Pledge
9899,The Producers,en,Comedy,45000000,38058335,6.803965,2005-12-25,134,6.1,151,The Producers
9826,The Phantom,en,Adventure,45000000,17300889,9.025236,1996-06-06,100,4.7,136,The Phantom
21355,All the Pretty Horses,en,Drama,57000000,0,7.524671,2000-12-11,117,5.8,60,All the Pretty Horses
10858,Nixon,en,History,44000000,13681765,3.770161,1995-12-22,192,7.1,71,Nixon
11439,The Ghost Writer,en,Thriller,45000000,60222298,21.118196,2010-02-12,128,6.7,670,The Ghost Writer
9457,Deep Rising,en,Adventure,45000000,11203026,6.513856,1998-01-30,106,6,154,Deep Rising
12412,Miracle at St. Anna,en,Drama,45000000,9323833,11.387408,2008-09-15,160,6.3,90,Miracle at St. Anna
1494,滿城盡帶黃金甲,zh,Action,110,0,9.950505,2006-12-21,114,6.6,203,Curse of the Golden Flower
13184,Bangkok Dangerous,en,Action,45000000,42487390,14.813057,2008-08-21,99,5,332,Bangkok Dangerous
2185,Big Trouble,en,Action,40000000,8493890,5.201688,2002-04-05,85,6.3,80,Big Trouble
6639,Love in the Time of Cholera,en,Drama,45000000,4607608,5.361699,2007-10-04,139,6.4,81,Love in the Time of Cholera
38153,Shadow Conspiracy,en,Action,45000000,2154540,3.848893,1997-01-31,103,4,11,Shadow Conspiracy
58233,Johnny English Reborn,en,Crime,45000000,160078586,35.6585,2011-09-15,101,6,1007,Johnny English Reborn
116977,Foodfight!,en,Animation,65000000,73706,5.258726,2012-06-15,87,2.3,28,Foodfight!
68734,Argo,en,Drama,44500000,232324128,62.01056,2012-10-11,120,7.1,3423,Argo
5503,The Fugitive,en,Adventure,44000000,368875760,54.884297,1993-08-06,130,7.2,1220,The Fugitive
27573,The Bounty Hunter,en,Action,40000000,136000000,33.747825,2010-03-16,110,5.5,858,The Bounty Hunter
819,Sleepers,en,Crime,44000000,165615285,16.245068,1996-10-18,147,7.3,715,Sleepers
1369,Rambo: First Blood Part II,en,Action,44000000,300400432,38.653969,1985-05-21,96,6.3,864,Rambo: First Blood Part II
9623,The Juror,en,Drama,44000000,0,3.937352,1996-02-02,118,5.5,89,The Juror
10895,Pinocchio,en,Animation,2600000,84300000,46.007991,1940-02-23,88,6.9,1355,Pinocchio
10935,Heaven's Gate,en,Action,44000000,3484331,5.380124,1980-11-19,219,6.4,55,Heaven's Gate
834,Underworld: Evolution,en,Fantasy,50000000,111340801,49.020045,2006-01-12,106,6.4,1528,Underworld: Evolution
228066,Victor Frankenstein,en,Drama,40000000,34227298,24.821138,2015-11-10,109,5.6,685,Victor Frankenstein
711,Finding Forrester,en,Drama,43000000,80049764,19.043286,2000-12-21,136,7,302,Finding Forrester
10468,28 Days,en,Comedy,43000000,0,5.418921,2000-04-06,103,6,208,28 Days
10027,Unleashed,en,Action,45000000,50871113,25.999888,2005-02-02,103,6.6,518,Unleashed
11812,The Sweetest Thing,en,Romance,43000000,68696770,18.65632,2002-04-12,84,5.3,280,The Sweetest Thing
37233,The Firm,en,Drama,42000000,270248367,23.736535,1993-06-30,154,6.6,501,The Firm
37950,Charlie St. Cloud,en,Drama,44000000,48190704,21.75433,2010-05-01,99,6.8,566,Charlie St. Cloud
27582,The Mechanic,en,Action,40000000,51070807,44.094856,2011-01-13,93,6.3,1045,The Mechanic
64688,21 Jump Street,en,Action,42000000,201585328,62.714026,2012-03-12,109,6.7,4074,21 Jump Street
509,Notting Hill,en,Romance,42000000,363889678,28.969151,1999-05-13,124,7,1262,Notting Hill
7443,Chicken Run,en,Animation,45000000,224834564,31.789029,2000-06-21,84,6.5,1150,Chicken Run
5966,Along Came Polly,en,Comedy,42000000,171963386,33.238296,2004-01-16,90,5.8,773,Along Came Polly
11066,Boomerang,en,Comedy,40000000,70100000,6.420434,1992-06-30,117,5.4,134,Boomerang
136795,The Heat,en,Action,43000000,158674180,37.654688,2013-06-27,117,6.5,1575,The Heat
8095,Cleopatra,en,Drama,31115000,71000000,13.244365,1963-06-12,248,6.7,146,Cleopatra
87826,Here Comes the Boom,en,Comedy,0,73100172,26.799913,2012-10-11,105,6,593,Here Comes the Boom
11560,High Crimes,en,Drama,42000000,63781810,14.046705,2002-04-03,115,6.1,184,High Crimes
25189,The Mirror Has Two Faces,en,Comedy,42000000,0,3.844926,1996-11-15,126,6.5,47,The Mirror Has Two Faces
2637,The Mothman Prophecies,en,Drama,32000000,55157539,14.733513,2002-01-25,119,6.1,305,The Mothman Prophecies
18480,Brüno,en,Comedy,42000000,0,16.122168,2009-07-08,83,5.4,518,Brüno
709,Licence to Kill,en,Adventure,32000000,156167015,28.22119,1989-07-07,133,5.9,541,Licence to Kill
49730,Red Riding Hood,en,Fantasy,42000000,89162162,45.151657,2011-03-11,100,5.6,922,Red Riding Hood
2749,15 Minutes,en,Action,60000000,56359980,15.205371,2001-03-01,120,5.7,191,15 Minutes
9607,Super Mario Bros.,en,Adventure,48000000,20915465,14.587367,1993-05-28,104,4,232,Super Mario Bros.
1830,Lord of War,en,Crime,42000000,24127895,34.828241,2005-09-16,122,7,1335,Lord of War
79,英雄,zh,Drama,31000000,177394432,23.607392,2002-12-19,99,7.2,635,Hero
54054,One for the Money,en,Action,40000000,36893721,19.438503,2012-01-26,91,5.3,388,One for the Money
228967,The Interview,en,Action,44000000,12342632,74.168016,2014-12-25,112,6.1,2304,The Interview
46528,The Warrior's Way,en,Adventure,42000000,11087569,7.349497,2010-12-02,100,6.3,136,The Warrior's Way
27936,Micmacs à tire-larigot,fr,Action,33000000,14000000,7.663515,2009-10-28,100,6.8,148,Micmacs
65,8 Mile,en,Drama,41000000,215000000,32.798571,2002-11-08,110,6.8,1626,8 Mile
280391,Pourquoi j'ai pas mangé mon père,fr,Adventure,0,0,5.794466,2015-04-08,100,5.3,125,Why I Did (Not) Eat My Father
9476,A Knight's Tale,en,Adventure,65000000,117487473,36.670399,2001-05-11,132,6.6,907,A Knight's Tale
10610,The Medallion,en,Thriller,41000000,0,14.653718,2003-08-15,88,5.3,281,The Medallion
745,The Sixth Sense,en,Mystery,40000000,672806292,73.085576,1999-08-06,107,7.7,3147,The Sixth Sense
49527,Man on a Ledge,en,Action,42000000,46221189,34.041407,2012-01-13,102,6.2,925,Man on a Ledge
73937,The Big Year,en,Comedy,41000000,7448385,9.419726,2011-10-13,100,5.6,248,The Big Year
1885,The Karate Kid,en,Drama,8000000,90815558,28.456572,1984-06-22,126,6.9,891,The Karate Kid
168672,American Hustle,en,Drama,40000000,251171807,49.664128,2013-12-12,138,6.8,2807,American Hustle
18240,The Proposal,en,Comedy,40000000,317375031,36.238968,2009-06-01,108,6.7,1804,The Proposal
10398,Double Jeopardy,en,Crime,70000000,177841558,19.439386,1999-09-24,105,6.2,278,Double Jeopardy
165,Back to the Future Part II,en,Adventure,40000000,332000000,43.345252,1989-11-20,108,7.4,3829,Back to the Future Part II
240832,Lucy,en,Action,40000000,126546825,115.241998,2014-07-14,89,6.3,5878,Lucy
216015,Fifty Shades of Grey,en,Drama,40000000,571006128,98.755657,2015-02-11,125,5.2,3254,Fifty Shades of Grey
12279,Spy Kids 3-D: Game Over,en,Action,38000000,197011982,21.998734,2003-07-25,84,4.7,511,Spy Kids 3-D: Game Over
1645,A Time to Kill,en,Crime,40000000,152266007,25.219805,1996-07-24,149,7,509,A Time to Kill
11007,Cheaper by the Dozen,en,Comedy,40000000,190212113,26.516624,2003-12-24,98,6,699,Cheaper by the Dozen
193756,Lone Survivor,en,Action,40000000,149295601,37.084384,2013-12-24,121,7.4,1526,Lone Survivor
11287,A League of Their Own,en,Comedy,40000000,107458785,21.661028,1992-07-01,128,6.7,354,A League of Their Own
259693,The Conjuring 2,en,Horror,40000000,320170008,68.794673,2016-05-13,134,7,1949,The Conjuring 2
37799,The Social Network,en,Drama,40000000,224920315,69.27822,2010-09-30,120,7.1,3391,The Social Network
10184,He's Just Not That Into You,en,Comedy,40000000,177259441,26.253357,2009-02-06,129,6.2,959,He's Just Not That Into You
4257,Scary Movie 4,en,Comedy,45000000,178262620,32.549282,2006-04-13,83,5.3,750,Scary Movie 4
4234,Scream 3,en,Horror,40000000,161834276,24.992057,2000-02-03,116,5.7,736,Scream 3
196,Back to the Future Part III,en,Adventure,40000000,244527583,45.769562,1990-05-25,118,7.1,2900,Back to the Future Part III
257091,Get Hard,en,Comedy,40000000,111811453,36.301202,2015-03-26,100,5.9,944,Get Hard
6114,Dracula,en,Romance,40000000,215862692,45.022964,1992-11-13,128,7.1,1056,Dracula
24803,Julie & Julia,en,Romance,40000000,129540499,22.853006,2009-08-06,123,6.6,560,Julie & Julia
109410,42,en,Drama,40000000,95020213,31.884559,2013-04-12,128,6.8,787,42
1213,The Talented Mr. Ripley,en,Thriller,40000000,128798265,31.385257,1999-12-25,139,7,767,The Talented Mr. Ripley
100042,Dumb and Dumber To,en,Comedy,40000000,169837010,67.767785,2014-11-12,110,5.4,1127,Dumb and Dumber To
9036,Eight Below,en,Adventure,40000000,120455994,24.287306,2006-02-17,120,6.7,542,Eight Below
257211,The Intern,en,Comedy,35000000,194564672,53.114573,2015-09-24,121,7.1,1881,The Intern
323675,Ride Along 2,en,Action,40000000,124827316,25.136082,2016-01-14,102,6.1,555,Ride Along 2
9361,The Last of the Mohicans,en,Action,40000000,75505856,37.776566,1992-09-25,112,7.1,732,The Last of the Mohicans
1677,Ray,en,Drama,40000000,124731534,21.743321,2004-10-29,152,7.2,467,Ray
187,Sin City,en,Action,40000000,158733820,66.003433,2005-04-01,124,7.2,2691,Sin City
7461,Vantage Point,en,Drama,40000000,151161491,24.862767,2008-02-01,90,6.2,716,Vantage Point
16538,"I Love You, Man",en,Comedy,41000000,91636986,25.391899,2009-03-20,105,6.5,515,"I Love You, Man"
9889,Shallow Hal,en,Comedy,40000000,141069860,29.854773,2001-11-01,114,5.7,731,Shallow Hal
820,JFK,en,Drama,40000000,205405498,26.82041,1991-12-20,189,7.5,502,JFK
11565,Big Momma's House 2,en,Comedy,40000000,138259062,17.61292,2006-01-26,99,5.4,371,Big Momma's House 2
6073,The Mexican,en,Action,57000000,147845033,21.021809,2001-03-01,123,5.8,441,The Mexican
16996,17 Again,en,Comedy,20000000,136267476,52.571674,2009-03-11,102,6.1,1350,17 Again
193610,The Other Woman,en,Comedy,40000000,196781193,34.519636,2014-04-16,109,6.2,1437,The Other Woman
19912,The Final Destination,en,Horror,40000000,186167139,32.478077,2009-08-26,82,5.4,831,The Final Destination
296098,Bridge of Spies,en,Thriller,40000000,165478348,48.445978,2015-10-15,141,7.2,2583,Bridge of Spies
8007,Behind Enemy Lines,en,Action,40000000,91753202,24.012986,2001-11-17,106,6,457,Behind Enemy Lines
32823,Get Him to the Greek,en,Comedy,40000000,90029656,17.869443,2010-06-04,109,5.9,612,Get Him to the Greek
4380,Shall We Dance?,en,Drama,50000000,170128460,14.231899,2004-10-15,107,5.9,297,Shall We Dance?
11551,Small Soldiers,en,Comedy,40000000,54682547,23.088571,1998-07-10,110,6.2,511,Small Soldiers
10336,Spawn,en,Action,40000000,87840042,19.833664,1997-07-31,96,5,336,Spawn
11362,The Count of Monte Cristo,en,Action,35000000,75395048,26.595983,2002-01-23,131,7.3,453,The Count of Monte Cristo
50348,The Lincoln Lawyer,en,Crime,40000000,85412898,26.072228,2011-03-17,119,7,902,The Lincoln Lawyer
48138,Unknown,en,Action,30000000,130786397,38.643914,2011-02-16,113,6.5,1265,Unknown
1124,The Prestige,en,Drama,40000000,109676311,74.440708,2006-10-19,130,8,4391,The Prestige
227159,Horrible Bosses 2,en,Comedy,42000000,107670357,82.185281,2014-11-26,108,6.1,1536,Horrible Bosses 2
68179,Escape from Planet Earth,en,Animation,40000000,74597643,18.14218,2013-02-14,89,5.7,332,Escape from Planet Earth
1579,Apocalypto,en,Action,40000000,120175290,41.570047,2006-12-07,139,7.3,1221,Apocalypto
708,The Living Daylights,en,Action,40000000,191185897,23.331459,1987-06-29,130,6.2,440,The Living Daylights
34851,Predators,en,Action,40000000,126248813,47.649554,2010-07-03,107,6,1206,Predators
9930,Legal Eagles,en,Comedy,0,0,7.519433,1986-06-18,116,5.8,51,Legal Eagles
1586,Secret Window,en,Thriller,40000000,92913171,32.908414,2004-03-12,96,6.4,972,Secret Window
2044,The Lake House,en,Romance,40000000,114830111,29.88736,2006-06-16,99,6.5,670,The Lake House
9913,The Skeleton Key,en,Drama,43000000,91974818,29.105407,2005-07-29,104,6.4,573,The Skeleton Key
71864,The Odd Life of Timothy Green,en,Fantasy,0,51854875,16.394452,2012-08-15,105,6.5,386,The Odd Life of Timothy Green
10761,Made of Honor,en,Comedy,40000000,84601681,19.574774,2008-05-02,101,6,394,Made of Honor
209451,Jersey Boys,en,Music,40000000,67347013,14.199933,2014-06-05,134,6.8,255,Jersey Boys
11975,The Rainmaker,en,Drama,40000000,45916769,12.229516,1997-11-18,135,6.7,235,The Rainmaker
4970,Gothika,en,Horror,40000000,141591324,27.303608,2003-11-21,98,5.8,629,Gothika
11831,Amistad,en,Drama,36000000,74000000,3.698276,1997-12-03,155,6.8,316,Amistad
9096,Medicine Man,en,Adventure,40000000,0,7.021871,1992-02-07,106,5.8,114,Medicine Man
440,Aliens vs Predator: Requiem,en,Fantasy,40000000,41797066,39.381913,2007-12-25,94,4.9,740,Aliens vs Predator: Requiem
11011,Ri¢hie Ri¢h,en,Comedy,40000000,0,14.398356,1994-12-19,95,5.4,415,Ri¢hie Ri¢h
10641,Autumn in New York,en,Drama,65000000,0,8.680334,2000-08-11,103,5.7,135,Autumn in New York
11172,Music and Lyrics,en,Comedy,40000000,145896422,17.659032,2007-02-09,96,6.2,554,Music and Lyrics
39513,Paul,en,Adventure,40000000,97552050,43.151268,2011-02-14,104,6.5,1789,Paul
82687,The Guilt Trip,en,Comedy,40000000,41863726,15.283444,2012-12-19,95,5.4,284,The Guilt Trip
41446,Scream 4,en,Horror,40000000,97138686,35.21926,2011-04-11,111,6.1,902,Scream 4
8224,8MM,en,Thriller,40000000,96618699,25.580272,1999-02-26,123,6.1,474,8MM
10537,The Doors,en,Drama,38000000,34416893,10.794175,1991-03-01,140,6.7,275,The Doors
225886,Sex Tape,en,Comedy,40000000,126069509,72.641296,2014-07-17,97,5.3,1695,Sex Tape
10385,Hanging Up,en,Comedy,40000000,36037909,3.415534,2000-02-16,94,5,40,Hanging Up
55779,Final Destination 5,en,Horror,47000000,157887643,38.555482,2011-08-12,92,5.9,866,Final Destination 5
10154,Mickey Blue Eyes,en,Comedy,0,0,6.786117,1999-08-16,102,5.3,140,Mickey Blue Eyes
10647,Pay It Forward,en,Drama,40000000,55707411,24.313684,2000-10-12,122,7,432,Pay It Forward
11431,Fever Pitch,en,Comedy,30000000,50451307,9.965073,2005-04-06,103,5.9,182,Fever Pitch
8457,Drillbit Taylor,en,Comedy,40000000,0,15.055732,2008-03-20,102,5.5,275,Drillbit Taylor
188161,A Million Ways to Die in the West,en,Comedy,0,0,32.808675,2014-05-22,116,5.8,1468,A Million Ways to Die in the West
8850,The Shadow,en,Adventure,25000000,48063435,8.178203,1994-07-01,108,5.4,138,The Shadow
64685,Extremely Loud & Incredibly Close,en,Drama,40000000,55247881,31.066874,2011-12-24,129,6.9,708,Extremely Loud & Incredibly Close
38357,Morning Glory,en,Comedy,40000000,58785180,22.491388,2010-01-12,102,6.1,412,Morning Glory
10060,Get Rich or Die Tryin',en,Drama,40000000,46442528,12.885985,2005-11-09,117,6.3,186,Get Rich or Die Tryin'
11398,The Art of War,en,Crime,40000000,30199105,7.832337,2000-08-23,117,5.6,135,The Art of War
1833,Rent,en,Drama,40000000,31670620,10.433667,2005-11-23,135,6.7,155,Rent
10391,Bless the Child,en,Drama,40000000,0,3.321949,2000-08-11,107,4.9,71,Bless the Child
8970,The Out-of-Towners,en,Comedy,75000000,29000000,4.842626,1999-04-02,90,5,45,The Out-of-Towners
9306,The Island of Dr. Moreau,en,Fantasy,40000000,49627779,13.210898,1996-08-23,96,4.6,147,The Island of Dr. Moreau
11370,The Musketeer,en,Action,40000000,27053815,3.296933,2001-09-07,104,5.2,56,The Musketeer
12184,The Other Boleyn Girl,en,Drama,35000000,0,22.939557,2008-02-28,115,6.4,477,The Other Boleyn Girl
1921,Sweet November,en,Drama,40000000,65754228,19.372805,2001-02-16,119,6.4,278,Sweet November
1683,The Reaping,en,Horror,40000000,62771059,13.445697,2007-04-05,99,5.4,205,The Reaping
203,Mean Streets,en,Drama,500000,3000000,17.002096,1973-10-02,110,7.2,345,Mean Streets
11858,Renaissance Man,en,Comedy,40000000,24332324,4.516953,1994-06-03,128,5.9,81,Renaissance Man
62835,Colombiana,en,Action,40000000,60965854,33.785969,2011-07-27,108,6.5,824,Colombiana
18937,Quest for Camelot,en,Fantasy,40000000,38172500,16.059443,1998-05-15,86,6.9,190,Quest for Camelot
13536,City By The Sea,en,Crime,40000000,22433915,3.476966,2002-09-06,108,5.7,92,City By The Sea
15556,At First Sight,en,Drama,0,0,5.778724,1999-01-15,128,5.9,48,At First Sight
10718,Torque,en,Action,40000000,46546197,7.360793,2004-01-16,84,4.7,119,Torque
11062,City Hall,en,Drama,0,0,3.621837,1996-02-16,111,6,67,City Hall
10802,Showgirls,en,Drama,45000000,20350754,14.513305,1995-09-22,128,4.9,256,Showgirls
1887,Marie Antoinette,en,Drama,40000000,60474340,22.364549,2006-05-24,123,6.5,642,Marie Antoinette
6071,Kiss of Death,en,Action,40000000,0,6.90894,1995-04-21,101,5.7,81,Kiss of Death
10461,Get Carter,en,Action,63600000,19412993,4.494788,2000-10-06,102,4.8,145,Get Carter
80278,Lo imposible,en,Thriller,42000000,180274123,47.559928,2012-09-09,113,7,2025,The Impossible
12704,Ishtar,en,Action,55000000,14375181,2.410546,1987-05-15,107,4.2,28,Ishtar
10315,Fantastic Mr. Fox,en,Adventure,40000000,46471023,41.258956,2009-10-23,87,7.5,1176,Fantastic Mr. Fox
16643,Life or Something Like It,en,Comedy,40000000,16872671,8.980846,2002-04-26,103,5.7,124,Life or Something Like It
2687,Memoirs of an Invisible Man,en,Comedy,40000000,14358033,7.222985,1992-02-28,99,5.7,125,Memoirs of an Invisible Man
194,Le fabuleux destin d'Amélie Poulain,fr,Comedy,10000000,173921954,73.720244,2001-04-25,122,7.8,3310,Amélie
11025,New York Minute,en,Comedy,0,0,10.0403,2004-05-01,91,5.5,185,New York Minute
8849,Alfie,en,Comedy,60000000,13395939,15.219263,2004-10-22,103,5.6,248,Alfie
78698,Big Miracle,en,Adventure,40000000,24719215,8.303696,2012-02-02,107,6.6,152,Big Miracle
30943,The Deep End of the Ocean,en,Drama,38000000,28121100,4.746085,1999-03-12,106,5.9,54,The Deep End of the Ocean
9544,FearDotCom,en,Horror,40000000,18902015,6.756886,2002-08-09,101,3.2,105,FearDotCom
24418,Cirque du Freak: The Vampire's Assistant,en,Adventure,40000000,28169671,16.424807,2009-10-23,109,5.5,348,Cirque du Freak: The Vampire's Assistant
7288,Duplex,en,Action,40000000,19322135,15.590001000000001,2003-09-26,89,5.9,482,Duplex
14655,Soul Men,en,Comedy,0,0,5.483671,2008-11-07,103,6.3,47,Soul Men
24575,Raise the Titanic,en,Action,0,0,1.630541,1980-01-01,115,5.2,21,Raise the Titanic
10366,Universal Soldier: The Return,en,Action,45000000,10667893,14.566664,1999-08-05,82,4.2,135,Universal Soldier: The Return
19898,Pandorum,en,Action,33000000,20645327,28.353517,2009-09-08,108,6.5,774,Pandorum
4965,Impostor,en,Action,40000000,0,9.579975,2001-12-03,102,6.1,135,Impostor
15074,Extreme Ops,en,Action,40000000,10959475,2.911819,2002-11-27,93,5,28,Extreme Ops
56715,Just Visiting,en,Comedy,0,0,10.844882,2001-04-06,88,4.8,171,Just Visiting
1272,Sunshine,en,Science Fiction,50000000,32017803,51.502884,2007-04-05,107,7,1182,Sunshine
72358,A Thousand Words,en,Drama,40000000,22044277,13.119133,2012-03-07,91,6,373,A Thousand Words
20542,Delgo,en,Adventure,40000000,0,4.238482,2008-12-12,94,5.4,15,Delgo
266396,The Gunman,en,Action,40000000,13644292,26.935458,2015-02-16,115,5.5,392,The Gunman
9978,Stormbreaker,en,Adventure,40000000,23937870,16.282962,2006-07-21,93,5.1,213,Stormbreaker
8271,Disturbia,en,Thriller,20000000,117760134,31.690456,2007-04-12,105,6.6,1006,Disturbia
10428,Hackers,en,Action,20000000,7563728,17.842246,1995-09-14,107,6.2,398,Hackers
5353,The Hunting Party,en,Action,0,0,8.048305,2007-09-03,101,6.6,96,The Hunting Party
11934,The Hudsucker Proxy,en,Comedy,30000000,0,14.188982,1994-03-11,111,7.1,275,The Hudsucker Proxy
14392,投名狀,zh,Action,40000000,0,6.884467,2007-12-12,126,6.3,83,The Warlords
19495,Nomad,en,Action,25000000,0,8.212018,2005-07-17,112,4.3,17,Nomad: The Warrior
110415,Snowpiercer,ko,Action,39200000,86758912,64.238688,2013-08-01,126,6.7,2854,Snowpiercer
77459,Un monstre à Paris,fr,Adventure,25000000,0,17.375562,2011-10-12,90,6.5,313,A Monster in Paris
26486,The Last Shot,en,Action,0,0,6.7698,2004-09-24,90,5.9,15,The Last Shot
9495,The Crow,en,Fantasy,15000000,94000000,44.690107,1994-05-11,102,7.3,953,The Crow
256040,Baahubali: The Beginning,te,Action,40000000,100000000,16.254032,2015-07-10,159,7.5,135,Baahubali: The Beginning
24420,The Time Traveler's Wife,en,Drama,39000000,101229792,37.492928,2009-08-14,107,6.7,798,The Time Traveler's Wife
1257,Because I Said So,en,Comedy,0,69485490,18.678415,2007-02-02,102,5.8,191,Because I Said So
62214,Frankenweenie,en,Animation,39000000,35287788,27.908783,2012-10-04,87,6.6,932,Frankenweenie
16320,Serenity,en,Science Fiction,39000000,38869464,45.388937,2005-08-25,119,7.4,1264,Serenity
8842,Against the Ropes,en,Romance,39000000,6614280,2.817364,2004-02-20,106,4.5,32,Against the Ropes
9531,Superman III,en,Comedy,39000000,75850624,22.164202,1983-06-17,125,5.3,490,Superman III
64807,Grudge Match,en,Comedy,40000000,44907260,21.362949,2013-12-25,113,6,433,Grudge Match
12289,Chi bi,zh,Adventure,80341000,127814609,14.8375,2008-07-10,150,7.1,205,Red Cliff
11529,Sweet Home Alabama,en,Comedy,30000000,180622424,18.256028,2002-09-26,108,6,394,Sweet Home Alabama
20943,The Ugly Truth,en,Comedy,38000000,205298907,22.332927,2009-07-24,96,6.4,972,The Ugly Truth
9099,Sgt. Bilko,en,Comedy,0,0,5.417787,1996-03-29,90,5.5,94,Sgt. Bilko
9488,Spy Kids 2: The Island of Lost Dreams,en,Action,38000000,119723358,24.085144,2002-08-07,100,5.3,521,Spy Kids 2: The Island of Lost Dreams
193,Star Trek: Generations,en,Science Fiction,38000000,120000000,14.779041,1994-11-17,118,6.4,452,Star Trek: Generations
44865,一代宗師,zh,Action,3860000,64076736,19.947265,2013-01-08,130,6.3,273,The Grandmaster
55787,Water for Elephants,en,Drama,38000000,114156230,16.801218,2011-03-15,120,6.7,850,Water for Elephants
257932,Dragon Nest: Warriors' Dawn,zh,Adventure,40000000,0,5.057695,2014-05-20,88,6.8,19,Dragon Nest: Warriors' Dawn
10400,The Hurricane,en,Drama,50000000,73956241,20.825781,1999-09-17,146,7.2,396,The Hurricane
1957,Enough,en,Drama,38000000,51801187,11.500783,2002-05-24,114,6.2,264,Enough
10833,Heartbreakers,en,Crime,35000000,0,13.932203,2001-03-23,123,5.7,254,Heartbreakers
256961,Paul Blart: Mall Cop 2,en,Action,38000000,107597242,41.258487,2015-04-16,94,5,567,Paul Blart: Mall Cop 2
5852,Angel Eyes,en,Drama,53000000,29700000,6.454634,2001-05-15,102,5.6,88,Angel Eyes
12312,Joe Somebody,en,Comedy,38000000,0,5.257009,2001-12-21,99,5.5,40,Joe Somebody
622,The Ninth Gate,en,Horror,38000000,58401898,30.359164,1999-08-24,133,6.3,756,The Ninth Gate
11306,Extreme Measures,en,Drama,38000000,17380126,3.426555,1996-09-27,118,5.7,80,Extreme Measures
12508,Rock Star,en,Music,57000000,16991902,11.60815,2001-09-04,105,6,190,Rock Star
25793,Precious,en,Drama,10000000,47536959,18.664624,2009-11-06,110,6.9,417,Precious
10534,White Squall,en,Action,38000000,10300000,10.047579,1996-02-02,129,6.3,86,White Squall
1091,The Thing,en,Horror,15000000,19629760,52.731379,1982-06-25,109,7.8,1588,The Thing
87421,Riddick,en,Science Fiction,38000000,98337295,46.630062,2013-09-02,119,6.2,2035,Riddick
10871,Switchback,en,Action,37000000,6482195,4.131546,1997-10-31,118,5.8,52,Switchback
13503,Texas Rangers,en,Action,0,0,5.641978,2001-11-30,110,5.4,19,Texas Rangers
13600,City of Ember,en,Adventure,55000000,17869048,23.465539,2008-10-07,90,6.2,605,City of Ember
68722,The Master,en,Drama,32000000,28258060,25.682509,2012-09-07,137,7,701,The Master
14324,Virgin Territory,en,Adventure,38000000,5410749,6.760922,2007-12-17,93,4.3,75,Virgin Territory
14325,The Express,en,Drama,40000000,9793496,3.87823,2008-10-10,130,7.1,71,The Express
299687,The 5th Wave,en,Adventure,38000000,109906372,57.889964,2016-01-14,112,5.6,1945,The 5th Wave
312221,Creed,en,Drama,37000000,173567581,57.773583,2015-11-25,133,7.3,1915,Creed
23168,The Town,en,Crime,37000000,154026136,24.218358,2010-09-15,125,7,1468,The Town
76494,What to Expect When You're Expecting,en,Romance,40000000,79700000,27.009723,2012-05-17,110,5.8,594,What to Expect When You're Expecting
4944,Burn After Reading,en,Comedy,37000000,163720069,31.941347,2008-09-05,96,6.5,1222,Burn After Reading
10488,Nim's Island,en,Adventure,37000000,100076342,14.353279,2008-04-03,96,5.6,330,Nim's Island
96721,Rush,en,Drama,38000000,90247624,33.003828,2013-09-02,123,7.7,2277,Rush
334,Magnolia,en,Drama,37000000,48451803,30.993736,1999-12-08,188,7.5,825,Magnolia
23742,Cop Out,en,Action,30000000,55583804,25.825771,2010-02-26,107,5.3,511,Cop Out
259694,How to Be Single,en,Comedy,38000000,112343513,46.078371,2016-01-21,110,5.9,1201,How to Be Single
62837,Dolphin Tale,en,Drama,37000000,95404397,6.63839,2011-09-23,113,6.7,163,Dolphin Tale
8966,Twilight,en,Adventure,37000000,392616625,127.084938,2008-11-20,122,5.8,3561,Twilight
8470,John Q,en,Drama,36000000,102244770,27.465433,2002-02-15,116,7,594,John Q
11001,Blue Streak,en,Action,65000000,117758500,16.865782,1999-09-17,93,6.1,352,Blue Streak
138832,We're the Millers,en,Comedy,37000000,269994119,100.348805,2013-08-07,110,6.8,2972,We're the Millers
16911,Obitaemyy Ostrov,ru,Action,36500000,21834845,2.785832,2008-12-18,115,5.3,23,The Inhabited Island
2163,Breakdown,en,Drama,36000000,50159144,9.176339,1997-05-02,95,6.6,198,Breakdown
36670,Never Say Never Again,en,Adventure,36000000,160000000,23.380757,1983-10-07,134,5.8,338,Never Say Never Again
23048,Hot Tub Time Machine,en,Science Fiction,36000000,64572262,33.926473,2010-03-26,101,6,894,Hot Tub Time Machine
227735,Dolphin Tale 2,en,Family,36000000,52424533,6.967857,2014-09-12,107,6.7,96,Dolphin Tale 2
2155,Reindeer Games,en,Thriller,42000000,32168970,11.470135,2000-02-25,124,5.4,173,Reindeer Games
8409,A Man Apart,en,Action,36000000,44350926,19.854932,2003-04-04,109,5.8,258,A Man Apart
222936,Aloha,en,Drama,37000000,26250020,29.652536,2015-05-27,105,5.2,692,Aloha
31908,Ghosts of Mississippi,en,History,0,0,8.102925,1996-12-20,130,6.2,40,Ghosts of Mississippi
10219,Snow Falling on Cedars,en,Drama,0,0,2.79483,1999-12-22,127,6.3,32,Snow Falling on Cedars
48171,The Rite,en,Drama,37000000,96047633,11.492474,2011-01-28,114,5.8,556,The Rite
782,Gattaca,en,Thriller,36000000,12532777,70.398356,1997-09-07,106,7.5,1808,Gattaca
75531,Isn't She Great,de,Drama,36000000,3003296,1.068453,2000-01-28,95,4.6,14,Isn't She Great
11802,Space Chimps,en,Animation,37000000,63800345,6.293217,2008-07-17,81,5.2,99,Space Chimps
9776,Head of State,en,Comedy,0,0,3.457194,2003-01-01,95,5.3,71,Head of State
18785,The Hangover,en,Comedy,35000000,459270619,82.21166,2009-06-05,100,7.2,6173,The Hangover
365222,葉問3,cn,Action,36000000,156844753,19.167377,2015-12-19,105,6.5,379,Ip Man 3
817,Austin Powers: The Spy Who Shagged Me,en,Adventure,33000000,310940086,18.316151,1999-06-08,95,6.2,1011,Austin Powers: The Spy Who Shagged Me
268,Batman,en,Fantasy,35000000,411348924,44.104469,1989-06-23,126,7,2096,Batman
45054,There Be Dragons,en,Drama,0,0,6.668679,2011-03-25,112,5.9,27,There Be Dragons
943,Lethal Weapon 3,en,Adventure,35000000,321731527,36.172182,1992-05-15,118,6.4,811,Lethal Weapon 3
22881,The Blind Side,en,Drama,29000000,309208309,25.767395,2009-11-20,129,7.2,1597,The Blind Side
10054,Spy Kids,en,Action,35000000,147934180,21.543389,2001-03-18,88,5.5,867,Spy Kids
51540,Horrible Bosses,en,Comedy,35000000,117000000,50.309843,2011-07-08,98,6.5,2277,Horrible Bosses
44264,True Grit,en,Drama,38000000,252276927,49.292384,2010-12-22,110,7.2,1668,True Grit
350,The Devil Wears Prada,en,Comedy,35000000,326551094,83.893257,2006-06-30,109,7,3088,The Devil Wears Prada
152,Star Trek: The Motion Picture,en,Science Fiction,35000000,139000000,24.616634,1979-12-06,132,6.2,530,Star Trek: The Motion Picture
109431,Identity Thief,en,Comedy,35000000,173965010,34.005726,2013-02-07,111,5.6,1645,Identity Thief
1598,Cape Fear,en,Crime,35000000,182300000,27.714043,1991-11-15,128,7,675,Cape Fear
8065,21,en,Drama,35000000,69823199,45.149948,2008-03-27,123,6.5,1375,21
271718,Trainwreck,en,Comedy,35000000,140795793,72.774941,2015-07-17,125,5.9,1181,Trainwreck
11638,Guess Who,en,Comedy,35000000,68915888,3.74263,2005-03-25,105,5.5,225,Guess Who
409,The English Patient,en,Drama,27000000,231976425,29.381878,1996-11-14,162,7,542,The English Patient
2118,L.A. Confidential,en,Crime,35000000,126216940,24.860326,1997-09-19,138,7.7,1310,L.A. Confidential
11459,Sky High,en,Adventure,35000000,86369815,11.041659,2005-07-29,100,5.8,550,Sky High
10806,In & Out,en,Comedy,35000000,0,11.897925,1997-09-10,90,6.3,177,In & Out
9348,Species,en,Science Fiction,35000000,113374103,23.607071,1995-07-07,108,5.5,453,Species
377,A Nightmare on Elm Street,en,Horror,1800000,25504513,38.204158,1984-11-14,91,7.2,1180,A Nightmare on Elm Street
8843,The Cell,en,Horror,33000000,104155843,25.413955,2000-08-17,107,6,436,The Cell
9313,The Man in the Iron Mask,en,Action,0,0,28.98027,1998-03-12,132,6.3,1018,The Man in the Iron Mask
39486,Secretariat,en,Drama,35000000,60251371,9.525037,2010-08-20,123,6.8,103,Secretariat
1273,TMNT,en,Adventure,34000000,95608995,18.39217,2007-03-23,90,6,345,TMNT
13920,Radio,en,Drama,32000000,52277485,9.254647,2003-10-24,109,6.8,141,Radio
50544,Friends with Benefits,en,Romance,35000000,150483765,40.526587,2011-07-21,109,6.5,2237,Friends with Benefits
325133,Neighbors 2: Sorority Rising,en,Comedy,35000000,108758521,50.179171,2016-05-04,91,5.6,1462,Neighbors 2: Sorority Rising
140823,Saving Mr. Banks,en,Comedy,35000000,112544580,31.957947,2013-11-16,125,7.3,1226,Saving Mr. Banks
1883,Malcolm X,en,Drama,34000000,48169908,19.822791,1992-11-18,202,7.2,370,Malcolm X
89492,This Is 40,en,Comedy,35000000,88058786,38.429648,2012-12-20,134,5.6,896,This Is 40
22949,Old Dogs,en,Comedy,35000000,92219310,13.707843,2009-11-24,88,5.2,210,Old Dogs
12437,Underworld: Rise of the Lycans,en,Fantasy,35000000,91353501,51.927471,2009-01-22,92,6.2,1428,Underworld: Rise of the Lycans
2959,License to Wed,en,Comedy,35000000,69307224,14.503568,2007-07-04,91,5.2,253,License to Wed
9957,The Benchwarmers,en,Comedy,0,0,6.74556,2006-04-07,80,5.2,242,The Benchwarmers
11648,Must Love Dogs,en,Comedy,30000000,58405313,11.120167,2005-07-21,98,5.8,140,Must Love Dogs
9366,Donnie Brasco,en,Crime,35000000,41954997,40.370442,1997-02-27,127,7.4,1147,Donnie Brasco
1576,Resident Evil,en,Horror,33000000,102984862,40.715623,2002-03-15,100,6.4,2065,Resident Evil
609,Poltergeist,en,Horror,10700000,122200000,36.230204,1982-06-04,114,7,794,Poltergeist
5516,The Ladykillers,en,Comedy,0,0,23.666229,2004-03-25,104,6,415,The Ladykillers
13051,Max Payne,en,Action,35000000,85416905,25.903237,2008-10-15,100,5.2,613,Max Payne
49530,In Time,en,Action,40000000,173930596,60.231382,2011-10-27,109,6.7,3417,In Time
34806,The Back-Up Plan,en,Comedy,35000000,77477008,18.38292,2010-04-23,106,5.7,458,The Back-Up Plan
49022,Something Borrowed,en,Comedy,35000000,59901913,14.029012,2011-05-05,112,5.9,296,Something Borrowed
11469,Black Knight,en,Adventure,0,0,15.913783,2001-11-21,95,5.1,287,Black Knight
23479,The Bad News Bears,en,Comedy,35000000,35323292,6.889633,1976-04-07,102,6.9,97,The Bad News Bears
11667,Street Fighter,en,Action,35000000,99423521,19.286099,1994-12-22,102,4.1,325,Street Fighter
423,The Pianist,en,Drama,35000000,120072577,50.587541,2002-09-24,150,8,1864,The Pianist
2447,The Nativity Story,en,Drama,35000000,0,3.721272,2006-12-01,101,6.4,35,The Nativity Story
10066,House of Wax,en,Horror,40000000,68766121,17.157738,2005-04-30,113,5.5,677,House of Wax
2288,Closer,en,Drama,27000000,115505027,22.636908,2004-12-01,104,6.7,811,Closer
88794,J. Edgar,en,Drama,35000000,84606030,28.069419,2011-11-09,137,6,741,J. Edgar
13515,Mirrors,en,Horror,35000000,72436439,19.774543,2008-08-15,110,6,485,Mirrors
11979,Queen of the Damned,en,Drama,35000000,45479110,11.644243,2002-02-10,101,5.4,239,Queen of the Damned
169,Predator 2,en,Science Fiction,35000000,57120318,27.934978,1990-11-20,108,5.9,730,Predator 2
8090,Untraceable,en,Drama,35000000,32483410,12.677505,2008-01-22,101,5.9,238,Untraceable
11622,Blast from the Past,en,Comedy,35000000,40263020,8.737058,1999-02-12,112,6.3,245,Blast from the Past
3604,Flash Gordon,en,Science Fiction,35000000,27107960,12.343507,1980-09-01,111,6.1,233,Flash Gordon
9541,Jersey Girl,en,Comedy,35000000,36098382,14.699342,2004-03-25,102,5.8,325,Jersey Girl
94348,Alex Cross,en,Action,45000000,30353232,14.513243,2012-10-18,101,5.1,300,Alex Cross
8197,Midnight in the Garden of Good and Evil,en,Crime,35000000,25105255,5.525544,1997-11-21,155,6.3,157,Midnight in the Garden of Good and Evil
336004,Heist,en,Crime,8900000,4100000,15.079993,2015-11-13,93,5.6,318,Heist
35019,Nanny McPhee and the Big Bang,en,Comedy,35000000,93246388,23.835055,2010-03-26,109,6,436,Nanny McPhee and the Big Bang
10410,Hoffa,en,Crime,35000000,0,5.926966,1992-12-25,140,6.1,81,Hoffa
8836,The X Files: I Want to Believe,en,Drama,30000000,68369434,25.454549,2008-07-24,104,5.5,523,The X Files: I Want to Believe
14442,Ella Enchanted,en,Family,31000000,27388767,22.71592,2004-04-09,96,5.9,437,Ella Enchanted
321741,Concussion,en,Drama,35000000,50363790,35.120736,2015-11-12,123,7,823,Concussion
59965,Abduction,en,Thriller,35000000,82087155,19.893646,2011-09-22,106,5.6,961,Abduction
14175,Valiant,en,Animation,35000000,19478106,14.051852,2005-03-25,76,5.2,235,Valiant
11004,Wonder Boys,en,Comedy,35000000,0,9.011729,2000-02-22,111,6.9,161,Wonder Boys
11918,Superhero Movie,en,Action,35000000,25871834,19.088655,2008-03-27,85,4.9,379,Superhero Movie
98357,Broken City,en,Thriller,56000000,19701164,29.490057,2013-01-18,109,5.7,593,Broken City
10012,Cursed,en,Horror,35000000,19294901,11.195593,2005-02-25,97,5.1,167,Cursed
49526,Premium Rush,en,Crime,35000000,31083599,17.709888,2012-08-24,91,6.2,832,Premium Rush
268920,Hot Pursuit,en,Action,35000000,51680201,18.262017,2015-05-08,87,5.4,647,Hot Pursuit
9093,The Four Feathers,en,War,35000000,29882645,10.10364,2002-09-08,132,6.5,159,The Four Feathers
119283,Parker,en,Action,35000000,46216641,28.670477,2013-01-23,118,5.7,1455,Parker
11823,Wimbledon,en,Comedy,31000000,41512007,16.736734,2004-09-13,98,6,293,Wimbledon
35169,Furry Vengeance,en,Comedy,35000000,39340177,13.668633,2010-04-02,92,4.6,149,Furry Vengeance
118957,Bait,en,Action,30000000,0,9.780588,2012-09-05,93,5.3,191,Bait
849,Krull,en,Fantasy,27000000,16519460,9.904881,1983-07-29,117,5.8,129,Krull
4515,Lions for Lambs,en,Action,35000000,63215872,9.789027,2007-10-22,92,6,216,Lions for Lambs
18886,Flight of the Intruder,en,Action,35000000,0,6.81729,1991-01-18,115,5.7,31,Flight of the Intruder
6575,Walk Hard: The Dewey Cox Story,en,Comedy,35000000,18317151,10.73522,2007-12-21,96,6.6,212,Walk Hard: The Dewey Cox Story
6440,The Shipping News,en,Drama,0,0,11.1399,2001-12-18,111,6.4,108,The Shipping News
13496,American Outlaws,en,Action,35000000,13678913,6.727949,2001-08-17,94,5.7,55,American Outlaws
18320,The Young Victoria,en,Drama,35000000,27409889,16.343317,2009-03-04,105,7,322,The Young Victoria
22787,Whiteout,en,Action,40000000,12206028,14.818718,2009-09-09,101,5.3,220,Whiteout
8967,The Tree of Life,en,Drama,32000000,54674226,43.862456,2011-05-18,139,6.5,987,The Tree of Life
37498,Knock Off,en,Action,33000000,0,2.706207,1998-09-04,91,4.7,64,Knock Off
144336,Sabotage,en,Action,35000000,17508518,27.903999,2014-03-28,110,5.5,555,Sabotage
9616,The Order,en,Drama,35000000,11560806,3.746806,2003-09-05,102,4.8,91,The Order
13056,Punisher: War Zone,en,Action,20500000,10089373,17.112498,2008-12-05,102,5.6,294,Punisher: War Zone
14113,Zoom,en,Family,35000000,12506188,10.304172,2006-08-11,83,4.9,135,Zoom
285783,The Walk,en,Adventure,35000000,61181942,37.335721,2015-09-30,123,6.9,1121,The Walk
49478,Warriors of Virtue,en,Fantasy,0,0,0.912395,1997-05-02,103,4.7,9,Warriors of Virtue
9726,A Good Year,en,Comedy,35000000,42064105,16.782471,2006-09-09,118,6.5,357,A Good Year
20763,Radio Flyer,en,Drama,35000000,4651977,3.503408,1992-02-21,114,6.6,53,Radio Flyer
9702,Bound by Honor,en,Action,35000000,0,9.122828,1993-02-05,180,7.7,115,Bound by Honor
9311,Smilla's Sense of Snow,en,Action,35000000,0,5.419181,1997-02-13,121,6.6,60,Smilla's Sense of Snow
9280,Femme Fatale,en,Thriller,35000000,16838910,9.07278,2002-11-06,114,6.2,142,Femme Fatale
26843,Lion of the Desert,en,Action,35000000,0,2.864979,1981-04-17,173,7.4,34,Lion of the Desert
11876,Le Hussard sur le toit,en,War,35000000,15000000,2.877488,1995-09-20,135,6.7,25,The Horseman on the Roof
22267,Ride with the Devil,en,Drama,38000000,635096,5.516207,1999-11-24,138,6.6,49,Ride with the Devil
45958,Biutiful,es,Drama,0,25147786,13.930763,2010-10-20,148,7,291,Biutiful
1969,Bandidas,es,Action,35000000,10496317,20.27704,2006-01-18,93,5.8,307,Bandidas
310706,Black Water Transit,en,Drama,0,0,0.126738,2009-05-13,100,0,0,Black Water Transit
198663,The Maze Runner,en,Action,34000000,348319861,131.815575,2014-09-10,113,7,5371,The Maze Runner
239573,Unfinished Business,en,Comedy,35000000,14431253,16.832312,2015-03-05,91,5,320,Unfinished Business
10436,The Age of Innocence,en,Drama,34000000,32255440,9.133747,1993-09-17,139,7,169,The Age of Innocence
1381,The Fountain,en,Drama,35000000,15304890,24.606012,2006-09-06,96,6.8,827,The Fountain
2162,Chill Factor,en,Action,70000000,11263966,3.276912,1999-09-01,101,5.3,29,Chill Factor
127493,Stolen,en,Action,35000000,2106557,16.830184,2012-05-17,96,5.1,344,Stolen
12429,崖の上のポニョ,ja,Animation,41677699,187479518,39.58676,2008-07-19,100,7.5,926,Ponyo
228205,The Longest Ride,en,Drama,34000000,63013281,41.946523,2015-04-09,128,7.3,1064,The Longest Ride
2900,The Astronaut's Wife,en,Drama,75000000,19598588,20.697556,1999-08-26,109,5.4,254,The Astronaut's Wife
21311,I Dreamed of Africa,en,Romance,34000000,0,1.656695,2000-05-05,114,5.3,18,I Dreamed of Africa
77875,Playing for Keeps,en,Comedy,35000000,0,17.932561,2012-11-29,106,5.4,240,Playing for Keeps
192136,Mandela: Long Walk to Freedom,en,Drama,35000000,27330000,15.50957,2013-12-06,141,6.5,224,Mandela: Long Walk to Freedom
18254,Reds,en,Drama,32000000,40382659,4.602185,1981-12-25,195,7.1,67,Reds
881,A Few Good Men,en,Drama,40000000,243240178,40.379966,1992-12-11,138,7.1,877,A Few Good Men
10877,Exit Wounds,en,Action,50000000,79958599,12.601306,2001-03-13,101,5.3,110,Exit Wounds
9600,Big Momma's House,en,Crime,30000000,173959438,24.389194,2000-05-31,98,5.6,506,Big Momma's House
202575,The House of Magic,en,Family,34000000,0,12.867326,2013-12-24,85,6.3,121,Thunder and the House of Magic
71469,The Darkest Hour,en,Horror,30000000,64626786,23.328823,2011-12-22,89,4.8,469,The Darkest Hour
85446,Step Up Revolution,en,Music,33000000,140470746,29.775441,2012-07-26,99,6.7,663,Step Up Revolution
326,Snakes on a Plane,en,Action,33000000,62022014,19.642328,2006-08-06,105,5.1,497,Snakes on a Plane
10685,The Watcher,en,Mystery,33000000,0,7.339908,2000-09-08,96,4.9,110,The Watcher
7220,The Punisher,en,Action,33000000,54700105,35.099611,2004-04-15,124,6.1,766,The Punisher
9763,Goal!: The Dream Begins,en,Drama,30000000,27610873,16.541791,2005-06-06,118,6.6,238,Goal!: The Dream Begins
72387,Safe,en,Action,30000000,40346186,31.92695,2012-04-16,94,6.3,799,Safe
12596,Pushing Tin,en,Comedy,33000000,0,9.060642,1999-04-23,124,5.7,116,Pushing Tin
1892,Return of the Jedi,en,Adventure,32350000,572700000,46.509071,1983-05-23,135,7.9,4665,Return of the Jedi
13460,Doomsday,en,Action,30000000,22211426,21.538222,2008-03-14,108,5.8,363,Doomsday
8055,The Reader,en,Drama,32000000,113019290,33.923786,2008-12-10,124,7.2,813,The Reader
50647,Wanderlust,en,Comedy,35000000,24159934,20.908494,2012-02-23,98,5.3,394,Wanderlust
10719,Elf,en,Comedy,32000000,173398518,16.901954,2003-10-09,97,6.4,987,Elf
9294,Phenomenon,en,Drama,32000000,152036382,15.039407,1996-07-05,123,6.2,323,Phenomenon
11888,Snow Dogs,en,Adventure,33000000,0,13.655735,2002-01-18,99,5.3,185,Snow Dogs
9647,Scrooged,en,Fantasy,0,60328000,21.620317,1988-11-22,101,6.7,390,Scrooged
9353,Nacho Libre,en,Comedy,32000000,80197993,14.642055,2006-06-16,92,5.6,359,Nacho Libre
55721,Bridesmaids,en,Comedy,32500000,288383523,17.107065,2011-04-28,125,6.5,1661,Bridesmaids
109414,This Is the End,en,Action,32000000,126041322,38.21708,2013-06-12,107,6.3,2359,This Is the End
10307,Stigmata,en,Horror,29000000,50041732,14.993169,1999-09-10,103,6,242,Stigmata
11978,Men of Honor,en,Drama,32000000,48814909,24.147269,2000-09-13,129,7,544,Men of Honor
22907,Takers,en,Action,32000000,69055695,18.47242,2010-08-26,107,6,394,Takers
87567,The Big Wedding,en,Comedy,35000000,21819348,18.84332,2013-04-25,90,5.7,414,The Big Wedding
38322,"Big Mommas: Like Father, Like Son",en,Crime,32000000,83615414,15.901137,2011-02-16,107,5.3,313,"Big Mommas: Like Father, Like Son"
45612,Source Code,en,Thriller,32000000,147332697,59.19888,2011-03-30,93,7.1,2699,Source Code
7305,Alive,en,Action,32000000,36733909,14.48851,1993-01-15,120,6.7,374,Alive
3594,The Number 23,en,Thriller,30000000,77566815,23.197408,2007-02-23,101,6.3,1018,The Number 23
157841,The Young and Prodigious T.S. Spivet,en,Adventure,33000000,9494789,10.651202,2013-10-16,105,6.7,232,The Young and Prodigious T.S. Spivet
11519,1941,en,Action,35000000,31755742,10.032626,1979-12-13,113,5.6,143,1941
12920,Dreamer: Inspired By a True Story,en,Drama,0,0,6.048743,2005-09-10,106,6.3,67,Dreamer: Inspired By a True Story
59,A History of Violence,en,Drama,32000000,60740827,34.628738,2005-09-23,96,6.9,832,A History of Violence
9335,Transporter 2,en,Action,32000000,85167639,47.5612,2005-08-02,87,6.2,1061,Transporter 2
12106,The Quick and the Dead,en,Action,32000000,18552460,16.473355,1995-02-09,107,6.3,427,The Quick and the Dead
11141,Laws of Attraction,en,Action,28000000,30016165,6.201404,2004-04-04,90,5.6,104,Laws of Attraction
8649,Bringing Out the Dead,en,Drama,32000000,0,15.560918,1999-10-22,121,6.6,225,Bringing Out the Dead
31867,Repo Men,en,Action,32000000,18409891,25.799697,2010-03-18,111,6.2,620,Repo Men
10253,디워,ko,Fantasy,70000000,53587404,4.822033,2007-02-08,90,4,104,Dragon Wars: D-War
3587,Bogus,en,Fantasy,32000000,0,3.379454,1996-09-06,110,5.4,44,Bogus
124459,The Incredible Burt Wonderstone,en,Comedy,30000000,27437881,26.9385,2013-03-14,100,5.3,724,The Incredible Burt Wonderstone
24662,Cats Don't Dance,en,Animation,32000000,3566637,4.098444,1997-03-26,75,7.1,24,Cats Don't Dance
32274,Cradle Will Rock,en,Drama,0,0,4.901553,1999-12-10,132,7.2,18,Cradle Will Rock
182,The Good German,en,War,32000000,5914908,5.347936,2006-12-08,108,5.9,86,The Good German
5494,George and the Dragon,en,Adventure,32000000,0,4.120549,2004-03-28,93,5,13,George and the Dragon
28,Apocalypse Now,en,Drama,31500000,89460381,49.973462,1979-08-15,153,8,2055,Apocalypse Now
38073,Going the Distance,en,Comedy,32000000,42045846,13.611544,2010-09-01,102,6,262,Going the Distance
2054,Mr. Holland's Opus,en,Music,0,106269971,6.775294,1995-12-29,137,6.9,113,Mr. Holland's Opus
302156,Criminal,en,Action,31500000,14708696,27.891012,2016-04-14,113,5.7,557,Criminal
606,Out of Africa,en,Drama,31000000,128499205,13.864975,1985-12-20,161,7,279,Out of Africa
87502,Flight,en,Drama,31000000,161772375,42.213765,2012-11-02,138,6.5,2415,Flight
698,Moonraker,en,Action,34000000,210308099,29.887404,1979-06-26,126,5.9,541,Moonraker
120467,The Grand Budapest Hotel,en,Comedy,30000000,174600318,74.417456,2014-02-26,99,8,4519,The Grand Budapest Hotel
11313,Hearts in Atlantis,en,Drama,31000000,24185781,7.06762,2001-09-07,101,6.4,131,Hearts in Atlantis
6488,Arachnophobia,en,Comedy,31000000,53208180,15.895661,1990-08-09,103,6.2,433,Arachnophobia
10559,Frequency,en,Crime,31000000,68106245,19.258041,2000-04-28,118,7,462,Frequency
296099,Vacation,en,Comedy,31000000,104384188,47.753598,2015-07-28,99,6.2,1195,Vacation
8012,Get Shorty,en,Comedy,30250000,115101622,15.585138,1995-10-20,105,6.4,302,Get Shorty
1574,Chicago,en,Action,45000000,306776732,32.217425,2002-12-26,113,6.9,677,Chicago
9032,Big Daddy,en,Comedy,34200000,234801895,34.86859,1999-06-25,93,6.1,875,Big Daddy
2770,American Pie 2,en,Comedy,30000000,287553595,36.432598,2001-08-10,108,6,1344,American Pie 2
862,Toy Story,en,Animation,30000000,373554033,73.640445,1995-10-30,81,7.7,5269,Toy Story
1637,Speed,en,Action,30000000,350448145,49.526736,1994-06-09,116,6.8,1783,Speed
72570,The Vow,en,Drama,30000000,196114570,26.780961,2012-02-05,104,7,1293,The Vow
27569,Extraordinary Measures,en,Drama,31000000,15134293,6.487344,2010-01-21,105,6,89,Extraordinary Measures
10637,Remember the Titans,en,Drama,30000000,136706683,25.996219,2000-09-29,113,7.4,821,Remember the Titans
1669,The Hunt for Red October,en,Action,30000000,199200000,46.212155,1990-03-02,134,7.2,957,The Hunt for Red October
132363,The Butler,en,Drama,25000000,115922175,32.105328,2013-08-16,132,7.2,1101,The Butler
9472,DodgeBall: A True Underdog Story,en,Comedy,20000000,167722310,41.156217,2004-06-18,92,6.2,981,DodgeBall: A True Underdog Story
2907,The Addams Family,en,Horror,30000000,191502426,37.179547,1991-11-22,99,6.7,848,The Addams Family
9273,Ace Ventura: When Nature Calls,en,Crime,30000000,212385533,34.391792,1995-11-10,90,6.1,1099,Ace Ventura: When Nature Calls
9880,The Princess Diaries,en,Comedy,37000000,165335153,40.176265,2001-08-03,115,6.5,1023,The Princess Diaries
2925,The First Wives Club,en,Comedy,26000000,116400000,10.704596,1996-09-20,102,6.5,166,The First Wives Club
807,Se7en,en,Crime,33000000,327311859,79.579532,1995-09-22,127,8.1,5765,Se7en
17654,District 9,en,Science Fiction,30000000,210819611,63.13678,2009-08-05,112,7.3,3382,District 9
11836,The SpongeBob SquarePants Movie,en,Animation,30000000,140161792,27.870755,2004-11-14,87,6.7,574,The SpongeBob SquarePants Movie
322,Mystic River,en,Thriller,25000000,156822020,31.242999,2003-10-07,138,7.6,1422,Mystic River
70,Million Dollar Baby,en,Drama,30000000,216763646,70.456012,2004-12-15,132,7.7,2439,Million Dollar Baby
9535,Analyze This,en,Comedy,80000000,176885658,29.415229,1999-03-05,103,6.4,503,Analyze This
11036,The Notebook,en,Romance,29000000,115603229,55.109138,2004-06-25,123,7.7,3067,The Notebook
6557,27 Dresses,en,Comedy,30000000,160259319,30.695228,2008-01-10,111,6.1,978,27 Dresses
18126,Hannah Montana: The Movie,en,Comedy,35000000,155545279,13.788422,2009-04-10,102,6,449,Hannah Montana: The Movie
16340,Rugrats in Paris: The Movie,it,Adventure,30,103,4.590277,2000-09-14,78,6,100,Rugrats in Paris: The Movie
10333,The Prince of Tides,en,Drama,30000000,74787599,3.845231,1991-12-25,132,5.9,56,The Prince of Tides
4476,Legends of the Fall,en,Adventure,30000000,160638883,26.952727,1994-12-16,133,7.2,619,Legends of the Fall
22947,Up in the Air,en,Drama,25000000,163670000,33.704181,2009-09-05,109,6.7,1205,Up in the Air
2755,About Schmidt,en,Drama,30000000,105834556,19.925026,2002-12-13,125,6.7,362,About Schmidt
82654,Warm Bodies,en,Horror,35000000,116980662,43.742241,2013-01-31,97,6.4,2652,Warm Bodies
59967,Looper,en,Action,30000000,47042000,46.377628,2012-09-26,118,6.6,4697,Looper
16300,Down to Earth,en,Fantasy,0,0,9.166658,2001-02-16,87,4.9,95,Down to Earth
9598,Babe,en,Fantasy,30000000,254134910,34.36645,1995-07-18,89,6,733,Babe
82696,Hope Springs,en,Drama,30000000,114281051,12.967137,2012-08-07,100,5.8,284,Hope Springs
9870,Forgetting Sarah Marshall,en,Comedy,30000000,105173115,50.670253,2008-04-17,111,6.4,1172,Forgetting Sarah Marshall
8292,Four Brothers,en,Action,45000000,92374674,24.694551,2005-08-11,109,6.7,607,Four Brothers
8780,Baby Mama,en,Comedy,30000000,63833449,11.409124,2008-04-23,99,5.8,205,Baby Mama
9715,Hope Floats,en,Drama,0,0,7.922716,1998-05-29,114,5.8,81,Hope Floats
10521,Bride Wars,en,Comedy,30000000,114663461,33.385429,2009-01-09,89,5.9,856,Bride Wars
10762,Without a Paddle,en,Action,19000000,69631118,8.584398,2004-08-20,95,5.3,214,Without a Paddle
10096,13 Going on 30,en,Comedy,37000000,96455697,41.569541,2004-04-13,98,6.3,1204,13 Going on 30
59436,Midnight in Paris,en,Fantasy,30000000,151119219,43.753585,2011-05-11,94,7.4,1990,Midnight in Paris
227783,The Nut Job,en,Animation,0,0,18.568021,2014-01-17,85,5.5,319,The Nut Job
4133,Blow,en,Crime,53000000,83282296,28.350529,2001-04-04,124,7.4,1317,Blow
10207,Message in a Bottle,en,Romance,80000000,118880016,10.81051,1999-02-22,131,5.8,196,Message in a Bottle
172,Star Trek V: The Final Frontier,en,Science Fiction,30000000,70200000,19.578249,1989-06-09,107,5.6,376,Star Trek V: The Final Frontier
21972,Like Mike,en,Comedy,30000000,0,5.73667,2002-07-03,99,5.7,100,Like Mike
36593,The Naked Gun 33⅓: The Final Insult,en,Comedy,30000000,51132598,28.624038,1994-03-18,83,6.3,521,The Naked Gun 33⅓: The Final Insult
707,A View to a Kill,en,Adventure,30000000,152427960,27.230493,1985-05-24,131,6,506,A View to a Kill
533,The Curse of the Were-Rabbit,en,Adventure,30000000,192452832,30.380747,2005-09-04,85,6.8,643,The Curse of the Were-Rabbit
6023,P.S. I Love You,en,Drama,30000000,156835339,29.489274,2007-11-15,126,6.9,977,P.S. I Love You
6439,Racing Stripes,en,Comedy,30000000,93772522,8.058109,2005-01-06,102,5.1,123,Racing Stripes
4347,Atonement,en,Drama,30000000,129266061,33.369305,2007-08-29,123,7.4,1049,Atonement
37056,Letters to Juliet,en,Comedy,30000000,0,16.52083,2010-05-14,105,6.6,796,Letters to Juliet
4105,Black Rain,en,Action,30000000,45892212,11.19602,1989-09-22,125,6.2,243,Black Rain
76489,The Three Stooges,en,Comedy,30000000,54819301,14.585968,2012-04-13,92,4.9,140,The Three Stooges
3933,Corpse Bride,en,Romance,40000000,117195061,43.571612,2005-09-09,77,7.2,1894,Corpse Bride
9918,Glory Road,en,Drama,0,42647449,8.305085,2006-01-13,118,7.2,144,Glory Road
273481,Sicario,en,Action,30000000,84025816,55.424027,2015-09-17,121,7.2,2416,Sicario
307081,Southpaw,en,Action,30000000,91709827,65.364452,2015-06-15,123,7.3,2067,Southpaw
16871,Drag Me to Hell,en,Horror,30000000,90810892,45.083509,2009-03-15,99,6.2,966,Drag Me to Hell
293863,The Age of Adaline,en,Fantasy,25000000,65663276,82.052056,2015-04-16,112,7.4,1990,The Age of Adaline
13156,Secondhand Lions,en,Comedy,0,0,15.011624,2003-09-19,111,6.9,260,Secondhand Lions
41233,Step Up 3D,en,Drama,30000000,159291809,25.060342,2010-08-04,107,6.6,582,Step Up 3D
9266,Blue Crush,en,Adventure,25000000,51842679,11.42943,2002-08-08,104,5.6,159,Blue Crush
1262,Stranger Than Fiction,en,Comedy,30000000,53653224,32.26789,2006-09-09,113,7.1,721,Stranger Than Fiction
4513,30 Days of Night,en,Horror,30000000,75505973,33.394082,2007-10-17,113,6.2,767,30 Days of Night
22970,The Cabin in the Woods,en,Horror,30000000,66486080,73.987775,2012-04-12,95,6.5,2263,The Cabin in the Woods
7278,Meet the Spartans,en,Comedy,30000000,84646831,10.608998,2008-01-24,84,3.7,359,Meet the Spartans
9013,Midnight Run,en,Adventure,30000000,38413606,12.821329,1988-07-20,126,7.2,238,Midnight Run
865,The Running Man,en,Action,27000000,38122105,30.131498,1987-11-13,101,6.4,703,The Running Man
10776,Little Shop of Horrors,en,Horror,25000000,38748395,12.113235,1986-12-19,94,6.6,384,Little Shop of Horrors
50456,Hanna,en,Action,30000000,63782078,31.191975,2011-04-07,111,6.5,1263,Hanna
9823,Mortal Kombat: Annihilation,en,Action,30000000,51376861,11.916389,1997-11-21,95,3.8,221,Mortal Kombat: Annihilation
59861,Larry Crowne,en,Comedy,30000000,36160375,20.355458,2011-06-30,98,5.7,359,Larry Crowne
133805,Carrie,en,Drama,30000000,82394288,63.848541,2013-10-16,100,5.8,1463,Carrie
12763,Take the Lead,en,Music,30000000,34742066,8.999675,2006-03-17,108,6.6,162,Take the Lead
9766,Gridiron Gang,en,Action,30000000,41480851,9.278361,2006-09-15,125,6.5,206,Gridiron Gang
14034,What's the Worst That Could Happen?,en,Action,45000000,0,7.185212,2001-05-31,94,5.1,66,What's the Worst That Could Happen?
12244,9,en,Action,30000000,48428063,55.806402,2009-08-19,79,6.6,1262,9
109421,Side Effects,en,Thriller,30000000,63372757,48.237797,2013-02-07,106,6.4,1323,Side Effects
11137,The Prince & Me,en,Comedy,0,0,17.943945,2004-03-28,111,5.9,278,The Prince & Me
51162,Winnie the Pooh,en,Animation,30000000,14460000,19.143721,2011-04-13,63,6.8,258,Winnie the Pooh
10152,Dumb and Dumberer: When Harry Met Lloyd,en,Comedy,19000000,39267515,15.67747,2003-06-13,85,4.1,210,Dumb and Dumberer: When Harry Met Lloyd
9452,Bulworth,en,Comedy,30000000,29202884,4.52363,1998-05-15,108,6.3,66,Bulworth
239566,Get on Up,en,Drama,0,31911598,13.064264,2014-08-01,139,6.4,158,Get on Up
53113,One True Thing,en,Drama,0,0,2.644427,1998-09-18,127,6.2,27,One True Thing
9271,Virtuosity,en,Action,30000000,24048000,5.301589,1995-08-04,106,5.4,163,Virtuosity
4474,My Super Ex-Girlfriend,en,Fantasy,0,60896147,20.252143,2006-06-20,95,4.8,442,My Super Ex-Girlfriend
184346,Deliver Us from Evil,en,Thriller,30000000,0,29.359201,2014-07-01,118,5.9,690,Deliver Us from Evil
48340,Sanctum,en,Action,30000000,108609310,20.063165,2011-02-03,108,5.8,339,Sanctum
14846,Little Black Book,en,Comedy,35000000,22034832,6.246199,2004-08-06,111,5.2,112,Little Black Book
72207,The Five-Year Engagement,en,Comedy,30000000,53909751,27.71063,2012-04-27,124,5.7,457,The Five-Year Engagement
16232,Mr. 3000,en,Comedy,30000000,21800302,2.850896,2004-06-15,104,5,66,Mr. 3000
43539,The Next Three Days,en,Romance,30000000,51148651,34.421696,2010-11-18,133,6.9,905,The Next Three Days
9920,Ultraviolet,en,Science Fiction,30000000,31070211,15.89534,2006-03-03,87,4.8,458,Ultraviolet
8978,Assault on Precinct 13,en,Thriller,30000000,35294470,18.706504,2005-01-19,109,6,311,Assault on Precinct 13
11702,The Replacement Killers,en,Action,30000000,19204929,9.607391,1998-02-06,87,6,127,The Replacement Killers
18550,Fled,en,Action,25000000,17193231,2.77255,1996-07-19,98,5.2,47,Fled
8869,Eight Legged Freaks,en,Action,0,0,17.834976,2002-07-17,99,5.4,295,Eight Legged Freaks
43347,Love & Other Drugs,en,Drama,30000000,102820008,20.236951,2010-11-22,112,6.6,1233,Love & Other Drugs
3489,88 Minutes,en,Crime,30000000,16930884,16.883429,2007-02-14,108,5.7,313,88 Minutes
9701,North Country,en,Drama,35000000,25224242,12.779201,2005-02-12,126,6.8,125,North Country
2122,The Whole Ten Yards,en,Comedy,40000000,26155781,14.729386,2004-04-07,98,5.5,278,The Whole Ten Yards
37707,Splice,en,Horror,26000000,0,23.227877,2009-10-06,104,5.5,671,Splice
10658,Howard the Duck,en,Comedy,37000000,37962774,11.374306,1986-08-01,110,5.1,221,Howard the Duck
13150,Pride and Glory,en,Thriller,30000000,31148328,10.703602,2008-09-09,130,6.3,240,Pride and Glory
9042,The Cave,en,Action,30000000,15007991,10.756266,2005-08-25,97,5.1,202,The Cave
17813,Alex & Emma,en,Comedy,30000000,15368897,4.352422,2003-06-16,96,5,68,Alex & Emma
11208,Wicker Park,en,Drama,30000000,13001257,9.301562,2004-09-03,114,6.7,157,Wicker Park
58151,Fright Night,en,Horror,17000000,24922237,18.27083,2011-08-18,106,6,603,Fright Night
11400,The New World,en,Drama,30000000,30536013,19.106154,2005-12-25,135,6.4,330,The New World
10350,Wing Commander,en,Action,30000000,0,5.259585,1999-03-11,100,4,72,Wing Commander
28902,In Dreams,en,Drama,0,0,3.226243,1999-01-15,100,5.4,44,In Dreams
14164,Dragonball Evolution,en,Action,100000000,0,21.677732,2009-04-01,85,2.9,462,Dragonball Evolution
76640,The Last Stand,en,Action,30000000,0,43.882857,2013-01-12,107,5.7,1266,The Last Stand
11058,Godsend,en,Drama,25000000,30114487,12.10235,2004-04-30,102,4.7,114,Godsend
14844,Chasing Liberty,en,Comedy,23000000,12,3.362045,2004-01-09,111,6.1,152,Chasing Liberty
57089,Hoodwinked Too! Hood VS. Evil,en,Comedy,30000000,13521829,10.694417,2011-04-29,86,4.8,131,Hoodwinked Too! Hood VS. Evil
1947,An Unfinished Life,en,Drama,30000000,18618284,6.353971,2005-09-09,108,6.7,161,An Unfinished Life
8054,The Imaginarium of Doctor Parnassus,en,Adventure,30000000,64352607,37.181019,2009-10-01,123,6.3,869,The Imaginarium of Doctor Parnassus
46829,Barney's Version,en,Comedy,30000000,8454301,4.952735,2010-10-26,134,7.2,129,Barney's Version
146238,Runner Runner,en,Crime,30000000,62616646,22.975918,2013-09-24,91,5.5,543,Runner Runner
9989,Antitrust,en,Action,30000000,18195610,8.359599,2001-01-12,108,5.8,153,Antitrust
9665,Glory,en,War,18000000,26828365,16.102271000000002,1989-12-15,122,7.4,383,Glory
311,Once Upon a Time in America,en,Drama,30000000,0,49.336397,1984-02-16,229,8.2,1069,Once Upon a Time in America
102362,Dead Man Down,en,Thriller,0,18074539,29.647844,2013-03-08,118,5.9,638,Dead Man Down
11162,The Merchant of Venice,en,Drama,0,0,12.467267,2004-09-03,138,6.7,144,The Merchant of Venice
6016,The Good Thief,en,Crime,0,0,2.774811,2003-04-03,108,6,31,The Good Thief
17186,Supercross,en,Action,0,3102550,3.71305,2005-08-16,80,5.4,29,Supercross
13967,Miss Potter,en,Drama,30000000,35078241,8.386432,2006-12-03,92,6.3,141,Miss Potter
2008,Wu Ji,zh,Fantasy,0,0,3.866026,2005-12-15,98,5,29,The Promise
9053,DOA: Dead or Alive,en,Adventure,21000000,480314,12.790408,2006-09-07,87,5,205,DOA: Dead or Alive
4512,The Assassination of Jesse James by the Coward Robert Ford,en,Action,30000000,14711793,35.53352,2007-09-02,160,7,776,The Assassination of Jesse James by the Coward Robert Ford
76349,辛亥革命,zh,Adventure,30000000,108348,4.065212,2011-07-03,125,5,41,1911
31203,Le petit Nicolas,fr,Comedy,0,0,20.362025,2009-09-30,91,5.9,306,Little Nicholas
265208,Wild Card,en,Thriller,30000000,0,48.0343,2015-01-14,92,5.4,656,Wild Card
45610,Machine Gun Preacher,en,Action,30000000,2527904,13.268936,2011-09-23,129,6.4,286,Machine Gun Preacher
50135,Konferenz der Tiere,de,Animation,0,0,8.0100460000000009,2010-10-07,93,5.5,90,Animals United
1874,Goodbye Bafana,en,History,30000000,0,12.257654,2007-02-11,140,7,38,Goodbye Bafana
271331,United Passions,en,Drama,27000000,0,6.036684,2014-06-19,110,3,16,United Passions
215211,Grace of Monaco,en,Romance,30000000,0,10.958697,2014-05-14,103,5.8,195,Grace of Monaco
367961,Савва. Сердце воина,ru,Fantasy,30000000,0,2.625594,2015-11-12,85,6.4,7,Savva. Heart of the Warrior
10955,Ripley's Game,en,Crime,30000000,0,2.981047,2002-09-02,110,6.6,69,Ripley's Game
223702,Sausage Party,en,Adventure,19000000,140752617,66.242737,2016-07-11,83,5.6,2238,Sausage Party
254470,Pitch Perfect 2,en,Comedy,29000000,287506194,71.496894,2015-05-07,115,6.8,1940,Pitch Perfect 2
69,Walk the Line,en,Drama,28000000,186438883,35.580032,2005-09-13,136,7.3,718,Walk the Line
4967,Keeping the Faith,en,Comedy,30000000,37036004,8.085872,2000-04-14,127,5.9,159,Keeping the Faith
9449,The Borrowers,en,Adventure,29000000,0,10.364582,1997-12-05,86,5.8,135,The Borrowers
11499,Frost/Nixon,en,Drama,0,0,16.87784,2008-10-15,122,7.2,328,Frost/Nixon
4912,Confessions of a Dangerous Mind,en,Comedy,30000000,33013805,18.165957,2002-12-30,113,6.6,275,Confessions of a Dangerous Mind
12771,Serving Sara,en,Comedy,29000000,16930185,8.93941,2002-08-20,100,5,85,Serving Sara
323676,The Boss,en,Comedy,29000000,78636257,20.55509,2016-04-07,91,5.5,431,The Boss
12506,Cry Freedom,en,Drama,0,0,3.735723,1987-11-05,157,6.9,51,Cry Freedom
24071,Mumford,en,Comedy,0,0,4.310168,1999-09-24,112,6.3,26,Mumford
11249,Seed of Chucky,en,Drama,12000000,24829644,12.653831,2004-11-11,87,4.9,287,Seed of Chucky
9667,The Jacket,en,Drama,29000000,21126225,24.240361,2005-03-04,103,6.8,455,The Jacket
812,Aladdin,en,Animation,28000000,504050219,92.982009,1992-11-25,90,7.4,3416,Aladdin
277216,Straight Outta Compton,en,Drama,28000000,201634991,61.76233,2015-08-13,147,7.7,1355,Straight Outta Compton
87,Indiana Jones and the Temple of Doom,en,Adventure,28000000,333000000,66.976776,1984-05-23,118,7.1,2781,Indiana Jones and the Temple of Doom
14444,The Rugrats Movie,en,Animation,30000000,100491683,7.981116,1998-11-20,79,5.7,147,The Rugrats Movie
2043,Along Came a Spider,en,Crime,60000000,105178561,21.252797,2001-04-06,104,6.1,400,Along Came a Spider
315664,Florence Foster Jenkins,en,Comedy,29000000,48902953,19.237254,2016-05-06,110,6.6,392,Florence Foster Jenkins
1428,Once Upon a Time in Mexico,en,Action,29000000,98185582,27.555646,2003-09-11,102,6.2,594,Once Upon a Time in Mexico
562,Die Hard,en,Action,28000000,140767956,66.169628,1988-07-15,131,7.5,3948,Die Hard
15373,Role Models,en,Comedy,28000000,92380927,24.917665,2008-02-03,99,6.4,564,Role Models
318846,The Big Short,en,Comedy,28000000,133346506,57.518472,2015-12-11,130,7.3,2607,The Big Short
26320,Taking Woodstock,en,Music,0,0,11.870161,2009-09-03,120,6.2,127,Taking Woodstock
14292,Miracle,en,Drama,28000000,64445708,7.534003,2004-02-06,135,7,159,Miracle
924,Dawn of the Dead,en,Fantasy,28000000,102356381,44.529429,2004-03-19,101,6.8,1016,Dawn of the Dead
2018,The Wedding Planner,en,Comedy,35000000,94728529,14.949395,2001-01-26,103,5.5,427,The Wedding Planner
192577,キャプテンハーロック,ja,Animation,30000000,17137302,14.726338,2013-09-07,115,6.5,356,Space Pirate Captain Harlock
9428,The Royal Tenenbaums,en,Comedy,21000000,71441250,24.13081,2001-10-05,110,7.4,1286,The Royal Tenenbaums
2832,Identity,en,Mystery,30000000,90259536,45.915165,2003-04-25,90,7.1,1061,Identity
137093,Last Vegas,en,Comedy,28000000,134402450,28.043508,2013-10-31,105,6.4,799,Last Vegas
699,For Your Eyes Only,en,Adventure,28000000,195312802,26.090746,1981-06-23,127,6.3,490,For Your Eyes Only
9778,Serendipity,en,Comedy,28000000,77516304,14.530803,2001-10-05,90,6.6,521,Serendipity
8831,Timecop,en,Thriller,27000000,101646581,13.308127,1994-09-15,99,5.5,282,Timecop
9398,Zoolander,en,Comedy,28000000,60780981,38.0958,2001-09-28,89,6.1,1337,Zoolander
112949,Safe Haven,en,Romance,28000000,97594140,37.729059,2013-02-07,115,6.9,823,Safe Haven
10439,Hocus Pocus,en,Comedy,28000000,39514713,18.650748,1993-07-16,96,6.4,471,Hocus Pocus
3638,No Reservations,en,Comedy,28000000,92601050,15.794946,2007-07-25,104,6.1,327,No Reservations
23483,Kick-Ass,en,Action,28000000,96188903,45.054936,2010-03-22,117,7.1,4645,Kick-Ass
62206,30 Minutes or Less,en,Action,28000000,40547440,25.039383,2011-08-11,83,5.6,531,30 Minutes or Less
10577,Dracula 2000,en,Thriller,28000000,33000337,6.756771,2000-12-22,99,4.6,148,Dracula 2000
218778,"Alexander and the Terrible, Horrible, No Good, Very Bad Day",en,Family,28000000,100654149,22.14595,2014-10-08,81,6.1,493,"Alexander and the Terrible, Horrible, No Good, Very Bad Day"
4348,Pride & Prejudice,en,Drama,28000000,121147947,36.58383,2005-09-16,135,7.7,1358,Pride & Prejudice
78,Blade Runner,en,Science Fiction,28000000,33139618,94.056131,1982-06-25,117,7.9,3509,Blade Runner
11780,Rob Roy,en,Adventure,28000000,31596911,10.703456,1995-04-13,139,6.5,148,Rob Roy
192102,3 Days to Kill,en,Action,28000000,52597999,41.638961,2014-02-14,113,6,883,3 Days to Kill
2001,We Own the Night,en,Drama,21000000,54926886,14.518708,2007-05-25,117,6.5,323,We Own the Night
10383,Lost Souls,en,Horror,0,0,3.312385,2000-10-13,97,4.5,38,Lost Souls
11516,Le peuple migrateur,fr,Documentary,35866397,20217080,3.75074,2001-12-12,98,7,49,Winged Migration
10025,Just My Luck,en,Comedy,28000000,38159905,22.074306,2006-05-12,103,5.8,491,Just My Luck
15198,"Mystery, Alaska",en,Drama,28000000,8888143,4.436792,1999-10-01,119,6,69,"Mystery, Alaska"
23172,The Spy Next Door,en,Action,28000000,45236543,14.639324,2010-01-15,94,5.5,345,The Spy Next Door
17834,A Simple Wish,en,Adventure,28000000,8345056,1.767479,1997-07-11,86,5.5,46,A Simple Wish
10016,Ghosts of Mars,en,Action,28000000,14010832,13.145205,2001-08-24,98,4.8,296,Ghosts of Mars
10317,Our Brand Is Crisis,en,Comedy,28000000,7002261,12.921594,2015-09-11,108,5.8,195,Our Brand Is Crisis
58431,Pride and Prejudice and Zombies,en,Romance,28000000,16374328,28.397048,2016-02-04,108,5.5,640,Pride and Prejudice and Zombies
9746,Kundun,en,Drama,28000000,5684789,7.039189,1997-12-25,134,6.8,91,Kundun
13092,How to Lose Friends & Alienate People,en,Comedy,27000000,17286299,16.785866,2008-10-02,110,6.2,244,How to Lose Friends & Alienate People
59859,Kick-Ass 2,en,Action,28000000,60700000,40.28635,2013-07-17,103,6.3,2224,Kick-Ass 2
13495,Alatriste,es,Action,24000000,23321954,6.009644,2006-09-01,145,5.6,61,Alatriste
254473,Brick Mansions,en,Action,28000000,68896829,25.520976,2014-04-22,90,5.7,615,Brick Mansions
700,Octopussy,en,Adventure,27500000,187500000,25.633663,1983-06-05,131,6.2,527,Octopussy
4964,Knocked Up,en,Comedy,30000000,219076518,22.527211,2007-06-01,129,6.2,1214,Knocked Up
10024,My Sister's Keeper,en,Drama,30000000,95714875,24.09152,2009-06-26,109,7.1,598,My Sister's Keeper
13490,Welcome Home Roscoe Jenkins,en,Comedy,35000000,43650785,6.248273,2008-02-08,114,5.7,57,Welcome Home Roscoe Jenkins
15927,A Passage to India,en,Drama,8000000,27187653,9.548391,1984-12-14,163,6.9,67,A Passage to India
1259,Notes on a Scandal,en,Drama,15000000,49469904,12.576381,2006-12-25,92,6.9,235,Notes on a Scandal
5125,Rendition,en,Drama,27500000,24748670,12.741073,2007-09-07,120,6.2,205,Rendition
174,Star Trek VI: The Undiscovered Country,en,Science Fiction,27000000,96900000,16.188572,1991-12-05,113,6.7,413,Star Trek VI: The Undiscovered Country
9583,Divine Secrets of the Ya-Ya Sisterhood,en,Comedy,27000000,0,5.576937,2002-06-07,116,5.6,65,Divine Secrets of the Ya-Ya Sisterhood
9437,Kiss the Girls,en,Drama,27000000,60527873,18.913,1997-10-03,115,6.2,345,Kiss the Girls
525,The Blues Brothers,en,Music,27000000,115229890,44.714264,1980-06-17,133,7.5,1065,The Blues Brothers
10188,The Sisterhood of the Traveling Pants 2,en,Adventure,27000000,44352417,11.870301,2008-08-06,117,6,238,The Sisterhood of the Traveling Pants 2
63574,Joyful Noise,en,Comedy,0,0,5.753705,2012-01-13,117,6.7,33,Joyful Noise
245,About a Boy,en,Drama,27000000,129000000,28.227984,2002-04-26,101,6.6,607,About a Boy
9825,Lake Placid,en,Horror,27000000,56870414,11.678561,1999-07-15,82,5.5,247,Lake Placid
186,Lucky Number Slevin,en,Drama,27000000,56308881,36.921445,2006-02-24,110,7.4,1323,Lucky Number Slevin
9549,The Right Stuff,en,Drama,27000000,21500000,17.567332,1983-10-20,193,7.3,235,The Right Stuff
61891,Anonymous,en,Drama,30000000,15395087,16.698316,2011-10-21,130,6.3,288,Anonymous
34584,The Neverending Story,en,Drama,27000000,20158808,47.862016,1984-04-05,102,7,1002,The NeverEnding Story
2666,Dark City,en,Mystery,27000000,27200316,39.324831,1998-02-27,100,7.2,828,Dark City
12783,The Duchess,en,Drama,0,0,18.591657,2008-09-05,110,6.7,396,The Duchess
13155,Return to Oz,en,Adventure,25000000,11137801,5.650125,1985-06-21,109,6.7,120,Return to Oz
42807,The Newton Boys,en,Crime,27000000,76000000,3.123583,1998-03-26,113,5.9,44,The Newton Boys
28355,Case 39,en,Horror,27000000,29000000,23.917982,2009-08-13,109,6.1,563,Case 39
8080,Suspect Zero,en,Crime,27000000,13000000,8.715822,2004-08-27,99,5.5,98,Suspect Zero
5126,Martian Child,en,Drama,0,0,5.737161,2007-11-02,106,6.8,79,Martian Child
56288,Spy Kids: All the Time in the World,en,Family,27000000,85564310,14.788073,2011-08-18,89,4.4,222,Spy Kids: All the Time in the World
303858,Money Monster,en,Thriller,27000000,93282604,38.279458,2016-05-12,98,6.5,1068,Money Monster
1613,The 51st State,en,Thriller,28,14,9.670031,2001-12-07,93,5.9,173,The 51st State
31582,Flawless,en,Comedy,0,4488529,5.271559,1999-11-26,112,5.9,56,Flawless
16617,Mindhunters,en,Mystery,27000000,21148829,17.193659,2004-05-07,106,6.3,333,Mindhunters
8944,What Just Happened,en,Comedy,25000000,6673422,8.31653,2008-10-17,104,5.2,127,What Just Happened
41488,The Statement,en,Drama,0,0,2.653988,2003-12-12,120,5.9,23,The Statement
37028,The Magic Flute,en,Comedy,0,0,0.548435,2006-09-07,133,6.9,6,The Magic Flute
14560,Paul Blart: Mall Cop,en,Action,26000000,183293131,31.250383,2009-01-15,91,5.2,788,Paul Blart: Mall Cop
10330,Freaky Friday,en,Comedy,26000000,110230332,24.345651,2003-08-03,97,6,879,Freaky Friday
6957,The 40 Year Old Virgin,en,Comedy,26000000,109449237,38.473732,2005-08-11,116,6.2,1983,The 40 Year Old Virgin
1934,Shakespeare in Love,en,Romance,25000000,289317794,31.792964,1998-12-11,122,6.8,796,Shakespeare in Love
169917,A Walk Among the Tombstones,en,Crime,28000000,53181600,61.309619,2014-09-18,113,6.2,1131,A Walk Among the Tombstones
951,Kindergarten Cop,en,Comedy,15000000,201957688,5.411154,1990-12-21,111,5.8,628,Kindergarten Cop
10189,Pineapple Express,en,Action,27000000,101624843,41.832392,2008-08-06,111,6.6,1148,Pineapple Express
9454,EverAfter,en,Drama,26000000,65705772,21.988861,1998-07-31,121,6.8,399,Ever After: A Cinderella Story
2055,Open Range,en,Western,22000000,68296293,19.068175,2003-08-29,139,7,262,Open Range
1551,Flatliners,en,Drama,26000000,61489265,24.114459,1990-08-09,115,6.3,404,Flatliners
5902,A Bridge Too Far,en,Drama,22000000,50750000,20.256571,1977-06-15,175,6.9,207,A Bridge Too Far
11460,Red Eye,en,Horror,26000000,57891803,8.802626,2005-08-04,85,6.2,455,Red Eye
9358,Final Destination 2,en,Horror,26000000,90426405,37.355826,2003-01-31,90,5.9,1023,Final Destination 2
134,"O Brother, Where Art Thou?",en,Action,26000000,71868327,39.742009,2000-08-30,106,7.3,1112,"O Brother, Where Art Thou?"
22894,Legion,en,Horror,26000000,67918658,30.981604,2010-01-21,100,5.2,629,Legion
134374,Pain & Gain,en,Thriller,25000000,86175291,31.893932,2013-04-18,130,6.1,1573,Pain & Gain
1901,In Good Company,en,Comedy,0,0,15.376391,2004-12-29,109,5.9,194,In Good Company
15028,Clockstoppers,en,Adventure,26000000,38793283,5.894163,2002-03-17,94,4.9,89,Clockstoppers
11509,Silverado,en,Action,26000000,0,10.981038,1985-07-10,127,7.1,146,Silverado
7445,Brothers,en,Drama,26000000,43318349,22.07638,2009-01-27,104,6.8,633,Brothers
17047,Agent Cody Banks 2: Destination London,en,Comedy,26000000,28818995,10.925618,2004-12-03,100,5.2,144,Agent Cody Banks 2: Destination London
62838,New Year's Eve,en,Comedy,56000000,142044638,21.219292,2011-12-08,118,5.7,718,New Year's Eve
2057,Original Sin,en,Drama,42000000,35402320,14.831402,2001-08-03,118,5.8,198,Original Sin
70436,The Raven,en,Crime,26000000,29657751,22.520842,2012-03-09,111,6.1,426,The Raven
16784,Welcome to Mooseport,en,Comedy,30000000,14000000,3.314094,2004-02-24,110,4.8,54,Welcome to Mooseport
8011,Highlander III: The Sorcerer,en,Action,26000000,36800000,7.964451,1994-11-29,99,4.5,110,Highlander: The Final Dimension
31640,Blood and Wine,en,Crime,26000000,0,1.492056,1996-10-03,101,5.5,34,Blood and Wine
9092,Snow White: A Tale of Terror,en,Fantasy,26000000,0,4.810621,1997-07-18,100,6,62,Snow White: A Tale of Terror
2779,The Curse of the Jade Scorpion,en,Comedy,0,0,9.317265,2001-08-05,103,6.5,165,The Curse of the Jade Scorpion
316002,Accidental Love,en,Romance,26000000,0,5.644844,2015-02-10,100,3.9,95,Accidental Love
36355,Flipper,en,Adventure,25530000,20080020,4.475007,1996-05-17,95,5.3,84,Flipper
238615,Self/less,en,Science Fiction,26000000,30523226,66.097437,2015-07-10,116,6.3,1091,Self/less
1985,The Constant Gardener,en,Drama,25000000,82466670,20.679652,2005-08-31,129,6.8,417,The Constant Gardener
615,The Passion of the Christ,en,Drama,30000000,611899420,38.171417,2004-02-25,127,6.9,864,The Passion of the Christ
788,Mrs. Doubtfire,en,Comedy,25000000,441286195,30.884535,1993-11-24,125,7,1591,Mrs. Doubtfire
380,Rain Man,en,Drama,25000000,412800000,49.510658,1988-12-11,133,7.6,1709,Rain Man
13223,Gran Torino,en,Drama,33000000,269958228,50.7453,2008-12-09,116,7.8,3086,Gran Torino
10523,W.,en,Drama,25100000,29506464,10.445391,2008-10-17,131,6.1,143,W.
8681,Taken,en,Action,25000000,226830568,80.879032,2008-02-18,93,7.2,4369,Taken
239571,The Best of Me,en,Drama,26000000,35926213,33.93914,2014-10-16,117,7.2,765,The Best of Me
619,The Bodyguard,en,Thriller,25000000,411006740,26.576385,1992-11-25,129,6.1,661,The Bodyguard
424,Schindler's List,en,Drama,22000000,321365567,104.469351,1993-11-29,195,8.3,4329,Schindler's List
50014,The Help,en,Drama,25000000,124272124,42.191509,2011-08-09,146,7.8,1910,The Help
162903,The Fifth Estate,en,Drama,28000000,8555008,20.267062,2013-10-11,128,5.7,364,The Fifth Estate
11024,Scooby-Doo 2: Monsters Unleashed,en,Mystery,0,181466833,22.644275,2004-03-24,93,5.4,500,Scooby-Doo 2: Monsters Unleashed
208763,Viy,ru,Thriller,26000000,0,7.182761,2014-01-30,127,4.9,71,Forbidden Kingdom
6466,Freddy vs. Jason,en,Horror,30000000,114908830,26.69592,2003-08-15,97,5.8,594,Freddy vs. Jason
254024,The Face of an Angel,en,Thriller,0,0,7.336256,2014-09-06,100,4.7,64,The Face of an Angel
12589,Jimmy Neutron: Boy Genius,en,Action,25000000,80936232,12.739721,2001-12-21,83,5.6,231,Jimmy Neutron: Boy Genius
7191,Cloverfield,en,Action,25000000,170764026,46.942396,2008-01-15,85,6.4,2251,Cloverfield
1497,Teenage Mutant Ninja Turtles II: The Secret of the Ooze,en,Science Fiction,25000000,78000000,15.505137,1991-03-22,88,5.8,286,Teenage Mutant Ninja Turtles II: The Secret of the Ooze
117,The Untouchables,en,Crime,25000000,76270454,38.272889,1987-06-02,119,7.6,1384,The Untouchables
6977,No Country for Old Men,en,Crime,25000000,171600000,53.645267,2007-11-08,122,7.7,3003,No Country for Old Men
168530,Ride Along,en,Action,25000000,153997819,28.468,2014-01-07,99,6.1,853,Ride Along
634,Bridget Jones's Diary,en,Comedy,25000000,281929795,35.310712,2001-04-13,97,6.5,1356,Bridget Jones's Diary
392,Chocolat,en,Comedy,25000000,152500343,28.727731,2000-12-14,121,6.8,951,Chocolat
10327,"Legally Blonde 2: Red, White & Blonde",en,Comedy,45000000,124914842,4.340616,2003-07-02,95,5.1,377,"Legally Blonde 2: Red, White & Blonde"
88042,Parental Guidance,en,Comedy,25000000,119772232,14.604911,2012-12-25,104,5.7,210,Parental Guidance
41630,No Strings Attached,en,Comedy,25000000,147780440,38.688822,2011-01-21,107,6.1,1331,No Strings Attached
11969,Tombstone,en,Action,25000000,56505065,30.537845,1993-12-25,130,7.4,626,Tombstone
2085,Romeo Must Die,en,Action,25000000,91036760,19.750059,2000-03-20,115,6,330,Romeo Must Die
794,The Omen,en,Horror,2800000,60922980,25.939385,1976-06-06,111,7.2,476,The Omen
9286,Final Destination 3,en,Horror,25000000,117719158,31.64341,2006-02-10,93,5.8,974,Final Destination 3
77877,The Lucky One,en,Drama,25000000,99357138,26.811541,2012-04-19,101,6.8,946,The Lucky One
1265,Bridge to Terabithia,en,Adventure,60000000,137587063,40.646102,2007-02-16,96,7,1113,Bridge to Terabithia
866,Finding Neverland,en,Drama,25000000,116766556,34.160448,2004-10-17,106,7.2,1223,Finding Neverland
175555,A Madea Christmas,en,Comedy,0,0,5.377155,2013-12-13,100,7,35,A Madea Christmas
75174,The Grey,en,Action,25000000,77278331,48.552871,2012-01-26,117,6.4,1451,The Grey
11096,Hide and Seek,en,Horror,25000000,122644820,18.228538,2005-01-27,101,6.1,440,Hide and Seek
8699,Anchorman: The Legend of Ron Burgundy,en,Comedy,26000000,90574188,29.342744,2004-07-09,94,6.7,1493,Anchorman: The Legend of Ron Burgundy
769,GoodFellas,en,Drama,25000000,46836394,63.654244,1990-09-12,145,8.2,3128,GoodFellas
10923,Agent Cody Banks,en,Action,28000000,58795814,11.859396,2003-03-14,102,5,284,Agent Cody Banks
11283,Nanny McPhee,en,Fantasy,25000000,122489822,24.356483,2005-10-21,97,6.4,711,Nanny McPhee
111,Scarface,en,Action,25000000,65884703,70.105981,1983-12-08,170,8,2948,Scarface
11676,Nothing to Lose,en,Action,25000000,0,8.618208,1997-07-18,97,6.3,174,Nothing to Lose
746,The Last Emperor,en,Drama,23000000,43984230,21.189028,1987-10-21,163,7.4,355,The Last Emperor
77866,Contraband,en,Thriller,25000000,63100000,31.364901,2012-01-12,109,6.1,770,Contraband
9416,Money Talks,en,Action,0,0,7.615653,1997-08-22,97,5.9,87,Money Talks
7345,There Will Be Blood,en,Drama,25000000,77208711,37.817905,2007-12-28,158,7.9,1537,There Will Be Blood
14317,The Wild Thornberrys Movie,en,Animation,35000000,0,5.784661,2002-12-20,85,5.8,44,The Wild Thornberrys Movie
20694,Rugrats Go Wild,en,Animation,0,0,8.255708,2003-06-13,84,5.6,61,Rugrats Go Wild
12277,Undercover Brother,en,Action,25000000,41604473,6.086083,2002-05-31,86,5.5,112,Undercover Brother
9779,The Sisterhood of the Traveling Pants,en,Drama,25000000,39053061,17.17372,2005-06-01,119,6.3,386,The Sisterhood of the Traveling Pants
2140,Kiss of the Dragon,en,Action,25000000,64437847,16.936576,2001-07-06,98,6.4,298,Kiss of the Dragon
12620,The House Bunny,en,Romance,25000000,70442940,25.838073,2008-08-22,97,5.6,529,The House Bunny
14177,Beauty Shop,en,Comedy,25000000,36351350,5.625632,2005-06-02,105,5.4,115,Beauty Shop
198185,Million Dollar Arm,en,Drama,25000000,38307627,17.312433,2014-05-09,124,6.6,259,Million Dollar Arm
227156,The Giver,en,Drama,25000000,66980456,53.811461,2014-08-11,94,6.4,1798,The Giver
10735,What a Girl Wants,en,Comedy,0,0,7.057765,2003-03-27,105,5.8,368,What a Girl Wants
11351,Jeepers Creepers 2,en,Horror,17000000,63102666,19.045146,2003-08-08,104,5.5,299,Jeepers Creepers 2
10030,Good Luck Chuck,en,Comedy,25000000,59192128,21.729434,2007-09-21,101,5.5,444,Good Luck Chuck
10623,Cradle 2 the Grave,en,Action,25000000,56489558,12.837116,2003-02-28,101,5.8,236,Cradle 2 the Grave
590,The Hours,en,Drama,25000000,41597830,20.953265,2002-12-27,114,7,451,The Hours
9655,She's the Man,en,Comedy,20000000,33889159,10.81439,2006-03-17,105,6.4,671,She's the Man
1268,Mr. Bean's Holiday,en,Family,25000000,229736344,27.683874,2007-03-22,90,6.1,663,Mr. Bean's Holiday
11237,Anacondas: The Hunt for the Blood Orchid,en,Adventure,20000000,70992898,9.855474,2004-08-26,97,4.9,199,Anacondas: The Hunt for the Blood Orchid
190955,Blood Ties,en,Thriller,25500000,2415472,12.756344,2013-08-22,128,6,171,Blood Ties
5123,August Rush,en,Drama,25000000,66122026,29.533437,2007-11-21,114,7.1,797,August Rush
4518,Elizabeth,en,Drama,30000000,82150642,14.179538,1998-09-13,124,7.1,334,Elizabeth
11932,Bride of Chucky,en,Horror,25000000,50671850,14.340095,1998-10-16,89,5.5,350,Bride of Chucky
11165,Tora! Tora! Tora!,en,History,25485000,29548291,9.795985,1970-01-26,144,6.9,147,Tora! Tora! Tora!
6116,Spice World,en,Adventure,25000000,100000000,6.889437,1997-12-19,93,4.7,123,Spice World
57431,The Sitter,en,Comedy,25000000,34942188,19.428994,2011-12-09,81,5.4,325,The Sitter
21724,Dance Flick,en,Action,0,0,7.326034,2009-05-22,83,4.7,71,Dance Flick
278,The Shawshank Redemption,en,Drama,25000000,28341469,136.747729,1994-09-23,142,8.5,8205,The Shawshank Redemption
9290,Crocodile Dundee in Los Angeles,en,Adventure,21150000,39438674,6.081772,2001-04-12,92,4.7,146,Crocodile Dundee in Los Angeles
11543,Kingpin,en,Comedy,27000000,25023434,17.329269,1996-07-04,113,6.7,244,Kingpin
284536,The Gambler,en,Thriller,25000000,39171130,22.622453,2014-12-25,111,5.7,543,The Gambler
152737,August: Osage County,en,Comedy,25000000,74188937,20.561682,2013-12-26,121,6.9,483,August: Osage County
13374,Ice Princess,en,Drama,25000000,27645491,13.288177,2005-03-17,98,5.9,185,Ice Princess
8976,A Lot Like Love,en,Comedy,30000000,42886719,19.212552,2005-04-22,107,6.5,318,A Lot Like Love
319888,Eddie the Eagle,en,Comedy,23000000,46152800,29.365851,2016-02-26,106,7.2,661,Eddie the Eagle
9469,He Got Game,en,Drama,25000000,21567853,10.232599,1998-05-01,136,6.7,134,He Got Game
1909,Don Juan DeMarco,en,Romance,25000000,22200000,8.870614,1994-10-01,97,6.2,183,Don Juan DeMarco
22971,Dear John,en,Drama,25000000,114977104,19.402816,2010-02-04,115,6.6,1262,Dear John
34813,The Losers,en,Action,25000000,23580000,24.903418,2010-04-23,97,6.2,515,The Losers
46261,Don't Be Afraid of the Dark,en,Fantasy,25000000,36993168,14.562197,2010-11-06,99,5.4,341,Don't Be Afraid of the Dark
10431,War,en,Action,25000000,40452643,18.896239,2007-08-24,103,6,414,War
8051,Punch-Drunk Love,en,Comedy,25000000,17000000,15.960916,2002-10-25,95,6.9,530,Punch-Drunk Love
9352,EuroTrip,en,Comedy,25000000,20796847,25.848003,2004-02-20,93,6.5,656,EuroTrip
10167,Half Past Dead,en,Crime,13000000,0,6.337063,2002-11-15,98,4.6,82,Half Past Dead
18147,Unaccompanied Minors,en,Comedy,26000000,0,10.006282,2006-12-08,90,5.4,66,Unaccompanied Minors
17170,"Bright Lights, Big City",en,Drama,0,0,2.753501,1988-04-01,107,4.7,28,"Bright Lights, Big City"
18975,The Adventures of Pinocchio,en,Animation,0,0,6.718497,1996-07-26,90,5,54,The Adventures of Pinocchio
15487,The Greatest Game Ever Played,en,Drama,25000000,15431177,7.538513,2005-09-30,120,6.9,110,The Greatest Game Ever Played
22825,The Box,en,Thriller,30000000,33333531,21.606001,2009-09-17,115,5.4,597,The Box
11152,The Ruins,en,Drama,8000000,0,13.715715,2008-04-02,91,5.6,265,The Ruins
1831,The Next Best Thing,en,Comedy,25000000,24362772,3.707511,2000-03-03,108,4.3,29,The Next Best Thing
43931,My Soul to Take,en,Drama,25000000,19829957,7.001176,2010-10-08,107,5.2,147,My Soul to Take
10591,The Girl Next Door,en,Comedy,25000000,30411183,39.784026,2004-04-09,108,6.3,824,The Girl Next Door
10861,Maximum Risk,en,Action,25000000,51702483,10.115011,1996-09-13,100,5.2,101,Maximum Risk
12770,Stealing Harvard,en,Action,0,0,7.321181,2002-09-13,85,4.4,46,Stealing Harvard
276907,Legend,en,Crime,25000000,42972994,32.854557,2015-09-09,131,6.7,973,Legend
10074,Hot Rod,en,Action,0,14334401,6.309587,2007-08-03,88,6.3,313,Hot Rod
65055,Shark Night,en,Horror,28000000,10126458,8.363702,2011-09-02,91,4.9,132,Shark Night
10397,Angela's Ashes,en,Drama,25,13,4.88794,1999-12-25,145,7,59,Angela's Ashes
200505,Draft Day,en,Drama,25000000,28831145,14.17009,2014-04-11,109,6.5,304,Draft Day
11954,Lifeforce,en,Fantasy,25000000,0,12.18362,1985-06-20,116,6.2,135,Lifeforce
60309,The Conspirator,en,Crime,25000000,15478800,9.169271,2010-09-10,122,6.2,137,The Conspirator
9787,Lords of Dogtown,en,Drama,25000000,13411957,8.127728,2005-06-03,107,7,210,Lords of Dogtown
293646,The 33,en,Drama,25000000,24902723,10.699952,2015-08-06,120,6,378,The 33
6978,Big Trouble in Little China,en,Action,25000000,11000000,29.796394,1986-05-30,99,7.1,705,Big Trouble in Little China
133698,Un Plan parfait,fr,Comedy,0,0,11.60921,2012-10-29,104,5.6,194,Fly Me to the Moon
59440,Warrior,en,Action,25000000,23057115,51.915025,2011-09-09,140,7.7,1272,Warrior
1770,Michael Collins,en,Drama,28000000,16900000,8.314624,1996-10-25,132,6.7,97,Michael Collins
10655,Gettysburg,en,War,0,25000000,5.529035,1993-10-08,254,6.6,90,Gettysburg
8988,Stop-Loss,en,Drama,25000000,11207130,4.002579,2008-03-28,113,6.1,82,Stop-Loss
15992,Abandon,en,Drama,25000000,10719357,3.888776,2002-10-14,99,4.6,45,Abandon
17707,Brokedown Palace,en,Drama,25000000,13000000,7.296459,1999-08-13,100,6.2,111,Brokedown Palace
77883,The Possession,en,Horror,14000000,85446075,21.680424,2012-08-30,92,5.8,498,The Possession
40001,Mrs. Winterbourne,en,Comedy,25000000,10070000,7.946769,1996-04-19,105,5.3,25,Mrs. Winterbourne
64639,Straw Dogs,en,Drama,25000000,10324441,7.473455,2011-09-16,110,5.5,144,Straw Dogs
9903,The Hoax,en,Comedy,25000000,11772461,5.073536,2006-10-14,116,6.4,60,The Hoax
21338,Stone Cold,en,Action,0,0,3.623002,1991-05-17,92,5.7,34,Stone Cold
20766,The Road,en,Adventure,32000000,27635305,41.075532,2009-11-25,111,6.8,1087,The Road
24264,Sheena,en,Action,25000000,5778353,4.020194,1984-08-17,117,5,22,Sheena
19803,Underclassman,en,Action,0,0,2.083856,2005-09-02,95,5.5,28,Underclassman
20309,Say It Isn't So,en,Comedy,25000000,0,2.909346,2001-03-12,95,4.8,47,Say It Isn't So
9912,The World's Fastest Indian,en,Drama,25000000,0,8.450513,2005-10-12,127,7.3,166,The World's Fastest Indian
9067,Tank Girl,en,Action,25000000,4064495,8.186936,1995-03-31,98,5.5,138,Tank Girl
27360,King's Ransom,en,Comedy,0,0,5.079017,2005-04-22,95,5.1,14,King's Ransom
8338,Blindness,en,Drama,25000000,19844979,17.603823,2008-05-14,121,6.4,387,Blindness
168705,BloodRayne,en,Action,25000000,2405420,7.008216,2005-10-22,95,3.5,118,BloodRayne
72113,Carnage,en,Comedy,25000000,27603069,20.011435,2011-09-16,80,7,738,Carnage
9729,Where the Truth Lies,en,Drama,25000000,0,4.051221,2005-10-07,107,5.9,66,Where the Truth Lies
94352,Cirque du Soleil: Worlds Away,en,Fantasy,0,34153101,5.987486,2012-11-09,91,6.1,58,Cirque du Soleil: Worlds Away
22256,Without Limits,en,Drama,25000000,777423,3.849873,1998-09-11,117,6.2,19,Without Limits
12404,Me and Orson Welles,en,Comedy,25000000,2336172,3.593165,2009-11-25,114,6.6,49,Me and Orson Welles
152742,La migliore offerta,en,Drama,13500000,19255873,30.058263,2013-01-01,124,7.7,704,The Best Offer
11699,The Bad Lieutenant: Port of Call - New Orleans,en,Drama,25000000,10589102,17.339852,2009-09-11,122,6,326,The Bad Lieutenant: Port of Call - New Orleans
49953,Sammy's avonturen: De geheime doorgang,en,Animation,0,0,15.805449,2010-08-03,88,5.6,151,A Turtle's Tale: Sammy's Adventures
48034,Les petits mouchoirs,fr,Comedy,25000000,48531470,15.279021,2010-10-20,154,7.1,380,Little White Lies
39845,Love Ranch,en,Drama,0,0,5.000126,2010-06-30,117,6,21,Love Ranch
25353,La véritable histoire du Chat Botté,fr,Family,0,0,1.684948,2009-04-01,82,3.8,7,The True Story of Puss 'n Boots
36696,Белка и Стрелка. Звёздные собаки,ru,Family,25000000,6500000,5.753564,2010-03-18,85,6.3,10,Space Dogs
109091,The Counselor,en,Thriller,25000000,71009334,35.022029,2013-10-25,117,5,712,The Counselor
38543,Ironclad,en,Romance,25000000,0,12.31708,2011-03-03,121,6.2,227,Ironclad
33157,Waterloo,en,History,25000000,3052000,1.894749,1970-10-26,128,7,31,Waterloo
290864,一個人的武林,cn,Crime,25000000,0,6.895866,2014-10-31,100,6.5,114,Kung Fu Jungle
242166,Red Sky,en,Action,25000000,0,3.344158,2014-03-12,100,4.1,26,Red Sky
859,Dangerous Liaisons,en,Drama,14000000,34670720,14.480628,1988-12-16,119,7,257,Dangerous Liaisons
83770,On the Road,en,Adventure,25000000,8784318,14.613152,2012-05-22,137,5.5,301,On the Road
168,Star Trek IV: The Voyage Home,en,Science Fiction,24000000,133000000,22.258428,1986-11-25,119,6.9,477,Star Trek IV: The Voyage Home
1246,Rocky Balboa,en,Drama,24000000,155721132,30.445257,2006-12-20,102,6.5,835,Rocky Balboa
4233,Scream 2,en,Horror,24000000,172363301,35.244037,1997-12-09,120,6.1,840,Scream 2
174751,Jane Got a Gun,en,Action,25000000,1397284,15.333575,2016-01-01,98,5.4,285,Jane Got a Gun
184098,Think Like a Man Too,en,Comedy,24000000,70181428,15.237142,2014-06-20,105,6.4,225,Think Like a Man Too
2069,The Whole Nine Yards,en,Comedy,41300000,106371651,23.441135,2000-02-18,98,6.2,531,The Whole Nine Yards
1788,Footloose,en,Drama,8200000,80035402,25.03414,1984-02-17,107,6.4,505,Footloose
11635,Old School,en,Comedy,24000000,87055349,24.70166,2003-02-21,91,6.6,541,Old School
177,The Fisher King,en,Comedy,24000000,41895491,16.146572,1991-09-09,137,7.2,341,The Fisher King
3600,I Still Know What You Did Last Summer,en,Horror,65000000,40002112,20.793026,1998-11-13,100,5.1,374,I Still Know What You Did Last Summer
2621,Return to Me,en,Romance,24000000,36609995,5.771479,2000-04-07,115,6.1,67,Return to Me
10358,Zack and Miri Make a Porno,en,Comedy,24000000,42105111,27.326466,2008-09-18,102,6.1,721,Zack and Miri Make a Porno
10480,Nurse Betty,en,Comedy,24000000,0,3.572339,2000-09-08,108,5.9,111,Nurse Betty
10313,The Men Who Stare at Goats,en,Comedy,24000000,68729358,20.69219,2009-10-17,93,5.9,742,The Men Who Stare at Goats
18828,Double Take,en,Adventure,0,0,1.903405,2001-01-12,88,5.5,24,Double Take
3558,"Girl, Interrupted",en,Drama,40000000,0,10.713521,1999-12-21,127,7.6,721,"Girl, Interrupted"
13476,Win a Date with Tad Hamilton!,en,Comedy,17000000,16980098,7.701041,2004-01-23,95,5.5,160,Win a Date with Tad Hamilton!
10208,Muppets from Space,en,Fantasy,24000000,16290976,6.589193,1999-07-14,87,5.8,92,Muppets from Space
24961,The Wiz,en,Adventure,24000000,21049053,2.753313,1978-10-24,134,5.9,58,The Wiz
20697,Ready to Rumble,en,Action,24000000,12372410,3.113009,2000-04-07,107,4.7,49,Ready to Rumble
20761,Play It to the Bone,en,Comedy,24000000,8434146,5.566203,1999-12-25,124,5.7,53,Play It to the Bone
70868,I Don't Know How She Does It,en,Romance,24000000,30551495,8.630825,2011-09-16,89,5,141,I Don't Know How She Does It
43593,Piranha 3D,en,Comedy,24000000,83188165,23.343839,2010-08-20,88,5.3,581,Piranha 3D
6478,Beyond the Sea,en,Drama,23000000,0,6.138213,2004-12-17,118,6.5,55,Beyond the Sea
40688,Meet the Deedles,en,Animation,24000000,4562146,2.353441,1998-03-27,93,4.1,19,Meet the Deedles
26672,The Thief and the Cobbler,en,Adventure,28000000,669276,2.439184,1993-09-23,72,6.8,26,The Thief and the Cobbler
45881,The Bridge of San Luis Rey,en,Romance,0,0,0.515677,2004-01-01,120,5.4,15,The Bridge of San Luis Rey
41283,Faster,en,Crime,24000000,23081726,26.324874,2010-11-23,98,6.1,568,Faster
4935,ハウルの動く城,ja,Fantasy,24000000,234710455,49.549984,2004-11-19,119,8.2,1991,Howl's Moving Castle
19908,Zombieland,en,Comedy,23600000,102391382,57.300674,2009-10-07,88,7.2,3550,Zombieland
10663,The Waterboy,en,Comedy,23000000,185991646,23.839127,1998-11-06,90,5.9,512,The Waterboy
1891,The Empire Strikes Back,en,Adventure,18000000,538400000,78.51783,1980-05-17,124,8.2,5879,The Empire Strikes Back
9737,Bad Boys,en,Action,19000000,141407024,33.872182,1995-04-07,118,6.5,1699,Bad Boys
37137,The Naked Gun 2½: The Smell of Fear,en,Comedy,23000000,86930411,27.33256,1991-06-28,85,6.6,546,The Naked Gun 2½: The Smell of Fear
9532,Final Destination,en,Horror,23000000,53302314,38.799596,2000-03-16,98,6.4,1378,Final Destination
10316,The Ides of March,en,Drama,12500000,75993061,20.317469,2011-09-24,101,6.5,910,The Ides of March
2787,Pitch Black,en,Thriller,23000000,53187659,18.493202,2000-02-18,108,6.7,1789,Pitch Black
12658,Someone Like You...,en,Comedy,23000000,0,7.901891,2001-03-30,97,6,118,Someone Like You...
152601,Her,en,Romance,23000000,47351251,53.682367,2013-12-18,126,7.9,4097,Her
10866,Joy Ride,en,Mystery,23000000,36642838,11.183197,2001-10-05,97,6.3,325,Joy Ride
227707,The Adventurer: The Curse of the Midas Box,en,Fantasy,25000000,6399,8.842722,2013-12-05,99,5.1,73,The Adventurer: The Curse of the Midas Box
